Name,release year,volume(mm^3),weight(g),screen size(in),total resolution,OSType,number of cores,core clock rate(gHz),ram,primary camera(MP),battery(mAh)
Samsung Galaxy S6,2015.0,68745.96,138.0,5.1,3686400.0,2.0,4.0,1.5,3.0,16.0,2550.0,
Samsung Galaxy J1 4G,2015.0,78300.42000000001,122.0,4.3,384000.0,2.0,4.0,1.2,0.768,5.0,1850.0,
Samsung Galaxy J1,2015.0,78300.42000000001,122.0,4.3,384000.0,2.0,2.0,1.2,0.512,5.0,1850.0,
Samsung Galaxy A7,2015.0,72489.06,141.0,5.5,2073600.0,2.0,4.0,1.5,2.0,13.0,2600.0,
Samsung Galaxy Grand Max,2015.0,86274.31999999999,161.0,5.25,921600.0,2.0,4.0,1.2,1.0,13.0,2500.0,
Samsung Galaxy E7,2015.0,85266.628,141.0,5.5,921600.0,2.0,4.0,1.2,2.0,13.0,2950.0,
Samsung Galaxy Core Prime,2014.0,78155.61600000002,130.0,4.5,384000.0,2.0,4.0,1.2,1.0,5.0,2000.0,
Samsung Galaxy A5 Duos,2014.0,65051.70700000001,123.0,5.0,921600.0,2.0,4.0,1.2,2.0,13.0,2300.0,
Samsung Galaxy A5,2014.0,65051.70700000001,123.0,5.0,921600.0,2.0,4.0,1.2,2.0,13.0,2300.0,
Samsung Galaxy A3 Duos,2014.0,58798.695,110.3,4.5,518400.0,2.0,4.0,1.2,1.0,8.0,1900.0,
Samsung Galaxy A3,2014.0,58798.695,110.3,4.5,518400.0,2.0,4.0,1.2,1.0,8.0,1900.0,
Samsung Galaxy S5 Plus,2014.0,83389.5,145.0,5.1,2073600.0,2.0,4.0,2.5,2.0,16.0,2800.0,
Samsung Galaxy Pocket 2,2014.0,78178.46399999999,107.0,3.3,76800.0,2.0,1.0,1.0,0.512,2.0,1200.0,
Samsung Galaxy V,2014.0,81705.842,123.0,4.0,384000.0,2.0,1.0,1.2,0.512,3.0,1500.0,
Samsung Galaxy Grand Prime Duos TV,2014.0,90096.008,152.0,5.0,518400.0,2.0,4.0,1.2,1.0,8.0,2600.0,
Samsung Galaxy Grand Prime,2014.0,89784.688,156.0,5.0,518400.0,2.0,4.0,1.2,1.0,8.0,2600.0,
Samsung Galaxy Ace Style LTE,2014.0,77182.742,126.0,4.3,384000.0,2.0,4.0,1.2,1.0,5.0,1900.0,
Samsung Galaxy Note 4 Duos,2014.0,102553.34999999999,175.0,5.7,3686400.0,2.0,4.0,2.7,3.0,16.0,3000.0,
Samsung Galaxy Note 4 (CDMA),2014.0,102553.34999999999,176.0,5.7,3686400.0,2.0,4.0,2.7,3.0,16.0,3220.0,
Samsung Galaxy Note 4,2014.0,102553.34999999999,176.0,5.7,3686400.0,2.0,4.0,2.7,3.0,16.0,3220.0,
Samsung Galaxy Tab Active LTE,2014.0,260864.234,393.0,8.0,1024000.0,2.0,4.0,1.2,1.0,3.0,4450.0,
Samsung Galaxy Tab Active,2014.0,260864.234,393.0,8.0,1024000.0,2.0,4.0,1.2,1.0,3.0,4450.0,
Samsung Galaxy Mega 2,2014.0,119450.90400000001,194.0,6.0,921600.0,2.0,4.0,1.5,1.0,8.0,2800.0,
Samsung Galaxy S5 LTE-A G901F,2014.0,83389.5,145.0,5.1,2073600.0,2.0,4.0,2.5,2.0,16.0,2800.0,
Samsung Galaxy Alpha (S801),2014.0,58103.740000000005,115.0,4.7,921600.0,2.0,4.0,2.5,2.0,12.0,1860.0,
Samsung Galaxy Alpha,2014.0,58103.740000000005,115.0,4.7,921600.0,2.0,4.0,1.8,2.0,12.0,1860.0,
Samsung Galaxy S5 mini Duos,2014.0,77307.04799999998,118.0,4.5,921600.0,2.0,4.0,1.4,1.0,8.0,2100.0,
Samsung Galaxy Avant,2014.0,86836.86,136.9,4.5,518400.0,2.0,4.0,1.2,1.0,5.0,2100.0,
Samsung Galaxy S Duos 3,2014.0,82469.448,124.0,4.0,384000.0,2.0,2.0,1.2,0.512,5.0,1500.0,
Samsung Galaxy Ace NXT,2014.0,81705.842,123.0,4.0,384000.0,2.0,1.0,1.2,0.512,3.0,1500.0,
Samsung Galaxy Star 2 Plus,2014.0,80343.962,129.0,4.3,384000.0,2.0,1.0,1.2,0.512,3.0,1800.0,
Samsung Galaxy S5 mini,2014.0,77307.04799999998,120.0,4.5,921600.0,2.0,4.0,1.4,1.0,8.0,2100.0,
Samsung Galaxy Ace 4 LTE,2014.0,83996.66,130.3,4.0,384000.0,2.0,2.0,1.2,1.0,5.0,1800.0,
Samsung Galaxy Young 2,2014.0,77608.836,108.0,3.5,153600.0,2.0,1.0,1.0,0.512,3.0,1300.0,
Samsung Galaxy Star 2,2014.0,77608.836,107.6,3.5,153600.0,2.0,1.0,1.0,0.512,2.0,1300.0,
Samsung Galaxy Core II,2014.0,86831.92000000003,138.0,4.5,384000.0,2.0,4.0,1.2,0.768,5.0,2000.0,
Samsung Galaxy S5 Sport,2014.0,94838.40000000001,158.0,5.1,2073600.0,2.0,4.0,2.5,2.0,16.0,2800.0,
Samsung Galaxy S5 LTE-A G906S,2014.0,83389.5,145.0,5.1,3686400.0,2.0,4.0,2.5,3.0,16.0,2800.0,
Samsung Galaxy Tab S 8.4 LTE,2014.0,176402.688,298.0,8.4,4096000.0,2.0,4.0,2.3,3.0,8.0,4900.0,
Samsung Galaxy Tab S 8.4,2014.0,176402.688,294.0,8.4,4096000.0,2.0,4.0,1.9,3.0,8.0,4900.0,
Samsung Galaxy Tab S 10.5 LTE,2014.0,289385.514,467.0,10.5,4096000.0,2.0,4.0,2.3,3.0,8.0,7900.0,
Samsung Galaxy Tab S 10.5,2014.0,289385.514,465.0,10.5,4096000.0,2.0,4.0,1.9,3.0,8.0,7900.0,
Samsung Galaxy Core Lite LTE,2014.0,92238.3,149.0,4.7,384000.0,2.0,4.0,1.2,1.0,5.0,2000.0,
Samsung I9301I Galaxy S3 Neo,2014.0,83055.532,132.0,4.8,921600.0,2.0,4.0,1.4,1.0,8.0,2100.0,
Samsung Galaxy W,2014.0,168108.864,245.0,7.0,921600.0,2.0,4.0,1.2,1.0,8.0,3200.0,
Samsung Galaxy S5 Active,2014.0,94918.67800000003,170.1,5.1,2073600.0,2.0,4.0,2.5,2.0,16.0,2800.0,
Samsung Galaxy K zoom,2014.0,161601.0,200.0,4.8,921600.0,2.0,4.0,1.3,2.0,20.0,2430.0,
Samsung I9300I Galaxy S3 Neo,2014.0,83173.00799999999,132.0,4.8,921600.0,2.0,4.0,1.2,1.0,8.0,2100.0,
Samsung Galaxy Ace Style,2014.0,81311.868,123.0,4.0,384000.0,2.0,2.0,1.2,0.512,5.0,1500.0,
Samsung Galaxy Tab 4 7.0 3G,2014.0,181498.59000000003,276.0,7.0,1024000.0,2.0,4.0,1.2,1.0,3.0,4000.0,
Samsung Galaxy Tab 4 7.0 LTE,2014.0,181498.59000000003,276.0,7.0,1024000.0,2.0,4.0,1.2,1.0,3.0,4000.0,
Samsung Galaxy Tab 4 8.0,2014.0,208320.0,320.0,8.0,1024000.0,2.0,4.0,1.2,1.0,3.0,4450.0,
Samsung Galaxy Tab 4 8.0 3G,2014.0,208320.0,320.0,8.0,1024000.0,2.0,4.0,1.2,1.0,3.0,4450.0,
Samsung Galaxy Tab 4 8.0 LTE,2014.0,208320.0,320.0,8.0,1024000.0,2.0,4.0,1.2,1.0,3.0,4450.0,
Samsung Galaxy Tab 4 10.1,2014.0,343486.08,487.0,10.1,1024000.0,2.0,4.0,1.2,1.0,3.0,6800.0,
Samsung Galaxy Tab 4 10.1 3G,2014.0,343486.08,487.0,10.1,1024000.0,2.0,4.0,1.2,1.0,3.0,6800.0,
Samsung Galaxy Tab 4 10.1 LTE,2014.0,343486.08,487.0,10.1,1024000.0,2.0,4.0,1.2,1.0,3.0,6800.0,
Samsung G3812B Galaxy S3 Slim,2014.0,85146.59999999999,139.0,4.52,518400.0,2.0,4.0,1.2,1.0,5.0,2100.0,
Samsung I8200 Galaxy S III mini VE,2014.0,75841.92,112.0,4.0,384000.0,2.0,1.0,1.2,1.0,5.0,1500.0,
Samsung Galaxy S5 Duos,2014.0,83389.5,145.0,5.1,2073600.0,2.0,4.0,2.5,2.0,16.0,2800.0,
Samsung Galaxy S5 (octa-core),2014.0,83389.5,145.0,5.1,2073600.0,2.0,4.0,1.9,2.0,16.0,2800.0,
Samsung Galaxy S5 CDMA,2014.0,81218.32,144.9,5.1,2073600.0,2.0,4.0,2.5,2.0,16.0,2800.0,
Samsung Galaxy S5,2014.0,83389.5,145.0,5.1,2073600.0,2.0,4.0,2.5,2.0,16.0,2800.0,
Samsung Galaxy Core LTE G386W,2014.0,88112.70000000001,137.0,4.5,518400.0,2.0,4.0,1.2,1.0,5.0,2100.0,
Samsung Galaxy Core LTE,2014.0,86350.44600000001,137.0,4.5,518400.0,2.0,2.0,1.2,1.0,5.0,2100.0,
Samsung Galaxy Star Trios S5283,2014.0,71126.0,105.0,3.14,76800.0,2.0,1.0,1.0,0.512,2.0,1300.0,
Samsung Galaxy Note 3 Neo,2014.0,98780.97600000001,162.5,5.5,921600.0,2.0,4.0,1.3,2.0,8.0,3100.0,
Samsung Galaxy Tab 3 Lite 7.0 3G,2014.0,218364.07200000001,322.0,7.0,614400.0,2.0,2.0,1.2,1.0,2.0,3600.0,
Samsung Galaxy Tab 3 Lite 7.0,2014.0,218364.07200000001,310.0,7.0,614400.0,2.0,2.0,1.2,1.0,2.0,3600.0,
Samsung Galaxy Grand Neo,2014.0,106360.99199999998,163.0,5.01,384000.0,2.0,4.0,1.2,1.0,5.0,2100.0,
Samsung Galaxy Note Pro 12.2 LTE,2014.0,482419.2,753.0,12.2,4096000.0,2.0,4.0,2.3,3.0,8.0,9500.0,
Samsung Galaxy Note Pro 12.2 3G,2014.0,482256.0,753.0,12.2,4096000.0,2.0,4.0,1.9,3.0,8.0,9500.0,
Samsung Galaxy Note Pro 12.2,2014.0,482182.72000000003,750.0,12.2,4096000.0,2.0,4.0,1.9,3.0,8.0,9500.0,
Samsung Galaxy Tab Pro 12.2 LTE,2014.0,482419.2,740.0,12.2,4096000.0,2.0,4.0,2.3,3.0,8.0,9500.0,
Samsung Galaxy Tab Pro 12.2 3G,2014.0,482419.2,732.0,12.2,4096000.0,2.0,4.0,1.9,3.0,8.0,9500.0,
Samsung Galaxy Tab Pro 12.2,2014.0,475366.54199999996,730.2,12.2,4096000.0,2.0,4.0,1.9,3.0,8.0,9500.0,
Samsung Galaxy Tab Pro 10.1 LTE,2014.0,304171.582,477.0,10.1,4096000.0,2.0,4.0,2.3,2.0,8.0,8220.0,
Samsung Galaxy Tab Pro 10.1,2014.0,304171.582,469.0,10.1,4096000.0,2.0,4.0,1.9,2.0,8.0,8220.0,
Samsung Galaxy Tab Pro 8.4,2014.0,202618.80000000002,331.0,8.4,4096000.0,2.0,4.0,2.3,2.0,8.0,4800.0,
Samsung Galaxy Camera 2 GC200,2014.0,182076.2,283.0,4.8,921600.0,2.0,4.0,1.6,2.0,16.0,2000.0,
Samsung Galaxy Core Advance,2013.0,91157.205,145.0,4.7,384000.0,2.0,2.0,1.2,1.0,5.0,2000.0,
Samsung Galaxy S4 Active LTE-A,2013.0,90641.55099999999,147.0,5.0,2073600.0,2.0,4.0,2.3,2.0,13.0,2600.0,
Samsung Galaxy J,2013.0,82474.0,146.0,5.0,2073600.0,2.0,4.0,2.3,3.0,13.0,2600.0,
Samsung Galaxy Win Pro G3812,2013.0,85598.13499999998,139.0,4.5,518400.0,2.0,4.0,1.2,1.0,5.0,2100.0,
Samsung Galaxy Grand 2,2013.0,98380.956,163.0,5.25,921600.0,2.0,4.0,1.2,1.0,8.0,2600.0,
Samsung I9230 Galaxy Golden,2013.0,110931.8,179.0,3.7,384000.0,2.0,2.0,1.7,1.0,8.0,1820.0,
Samsung Galaxy Express 2,2013.0,85247.06400000001,134.2,4.5,518400.0,2.0,2.0,1.7,1.0,5.0,2100.0,
Samsung I9506 Galaxy S4,2013.0,75323.972,130.0,5.0,2073600.0,2.0,4.0,2.3,2.0,13.0,2600.0,
Samsung Galaxy Light,2013.0,78630.78,121.9,4.0,384000.0,2.0,4.0,1.4,1.0,5.0,1800.0,
Samsung Galaxy Round G910S,2013.0,95017.724,154.0,5.7,2073600.0,2.0,4.0,2.3,3.0,13.0,2800.0,
Samsung Galaxy Fresh S7390,2013.0,83566.48500000002,126.0,4.0,384000.0,2.0,1.0,1.0,0.512,3.0,1500.0,
Samsung Galaxy Star Pro S7260,2013.0,80551.944,121.0,4.0,384000.0,2.0,1.0,1.0,0.512,2.0,1500.0,
Samsung Galaxy Note 10.1 (2014 Edition),2013.0,329171.98600000003,540.0,10.1,4096000.0,2.0,4.0,2.3,3.0,8.0,8220.0,
Samsung Galaxy Note 3,2013.0,99392.832,168.0,5.7,2073600.0,2.0,4.0,2.3,3.0,13.0,3200.0,
Samsung Galaxy Prevail 2,2013.0,98386.9,130.4,4.0,384000.0,2.0,1.0,1.4,0.512,5.0,1750.0,
Samsung Galaxy S4 zoom,2013.0,122726.45,208.0,4.3,518400.0,2.0,2.0,1.5,1.0,16.0,2330.0,
Samsung Galaxy Ace 3,2013.0,74472.55200000001,115.0,4.0,384000.0,2.0,2.0,1.0,1.0,5.0,1500.0,
Samsung I9190 Galaxy S4 mini,2013.0,67978.022,107.0,4.3,518400.0,2.0,2.0,1.7,1.0,8.0,1900.0,
Samsung I9295 Galaxy S4 Active,2013.0,90641.55099999999,153.0,5.0,2073600.0,2.0,4.0,1.9,2.0,8.0,2600.0,
Samsung Galaxy Tab 3 8.0,2013.0,192201.97600000002,314.0,8.0,1024000.0,2.0,2.0,1.5,1.0,5.0,4450.0,
Samsung Galaxy Tab 3 10.1 P5220,2013.0,342479.27999999997,510.0,10.1,1024000.0,2.0,2.0,1.6,1.0,3.0,6800.0,
Samsung Galaxy Tab 3 10.1 P5200,2013.0,342479.27999999997,510.0,10.1,1024000.0,2.0,2.0,1.6,1.0,3.0,6800.0,
Samsung Galaxy Tab 3 10.1 P5210,2013.0,342479.27999999997,510.0,10.1,1024000.0,2.0,2.0,1.6,1.0,3.0,6800.0,
Samsung Galaxy Exhibit T599,2013.0,78910.0,119.1,3.8,384000.0,2.0,1.0,1.0,1.0,5.0,1500.0,
Samsung Galaxy Core I8260,2013.0,78666.12,124.0,4.3,384000.0,2.0,2.0,1.2,1.0,5.0,1800.0,
Samsung Galaxy Tab 3 7.0 WiFi,2013.0,206779.32,302.0,7.0,614400.0,2.0,2.0,1.2,1.0,3.0,4000.0,
Samsung Galaxy Tab 3 7.0,2013.0,206779.32,306.0,7.0,614400.0,2.0,2.0,1.2,1.0,3.0,4000.0,
Samsung Galaxy Mega 6.3 I9200,2013.0,117990.4,199.0,6.3,921600.0,2.0,2.0,1.7,1.0,8.0,3200.0,
Samsung Galaxy Mega 5.8 I9150,2013.0,120584.16,182.0,5.8,518400.0,2.0,2.0,1.4,1.0,8.0,2600.0,
Samsung Galaxy Win I8550,2013.0,91415.807,143.9,4.7,384000.0,2.0,4.0,1.2,1.0,5.0,2000.0,
Samsung Galaxy Pocket Neo S5310,2013.0,71614.2,100.5,3.0,76800.0,2.0,1.0,0.85,0.512,2.0,1200.0,
Samsung Galaxy Star S5280,2013.0,72471.0,100.5,3.0,76800.0,2.0,1.0,1.0,0.512,2.0,1200.0,
Samsung I9505 Galaxy S4,2013.0,75323.972,130.0,5.0,2073600.0,2.0,4.0,1.9,2.0,13.0,2600.0,
Samsung I9500 Galaxy S4,2013.0,75323.972,130.0,5.0,2073600.0,2.0,4.0,1.6,2.0,13.0,2600.0,
Samsung Galaxy S4 CDMA,2013.0,75163.12799999998,130.1,5.0,2073600.0,2.0,4.0,1.9,2.0,13.0,2600.0,
Samsung Galaxy Note 8.0,2013.0,229181.76,338.0,8.0,1024000.0,2.0,4.0,1.6,2.0,5.0,4600.0,
Samsung Galaxy Note 8.0 Wi-Fi,2013.0,229181.76,338.0,8.0,1024000.0,2.0,4.0,1.6,2.0,5.0,4600.0,
Samsung Galaxy Young S6310,2013.0,80135.5,112.0,3.27,153600.0,2.0,1.0,1.0,0.768,3.0,1300.0,
Samsung Galaxy Fame S6810,2013.0,80888.192,120.6,3.5,153600.0,2.0,1.0,1.0,0.512,5.0,1300.0,
Samsung Galaxy Express I8730,2013.0,84955.68599999999,139.1,4.5,384000.0,2.0,2.0,1.2,1.0,5.0,2000.0,
Samsung S7710 Galaxy Xcover 2,2013.0,106018.20000000001,148.5,4.0,384000.0,2.0,2.0,1.0,1.0,5.0,1700.0,
Samsung I9105 Galaxy S II Plus,2013.0,70399.805,121.0,4.3,384000.0,2.0,2.0,1.2,1.0,8.0,1650.0,
Samsung Galaxy Grand I9082,2012.0,105937.44000000002,162.0,5.0,384000.0,2.0,2.0,1.2,1.0,8.0,2100.0,
Samsung Galaxy Grand I9080,2012.0,105937.44000000002,162.0,5.0,384000.0,2.0,2.0,1.2,1.0,8.0,2100.0,
Samsung Galaxy Note LTE 10.1 N8020,2012.0,419724.0,600.0,10.1,1024000.0,2.0,4.0,1.4,2.0,5.0,7000.0,
Samsung Galaxy Axiom R830,2012.0,92397.07400000001,136.1,4.0,384000.0,2.0,2.0,1.2,1.0,5.0,2100.0,
Samsung Galaxy Stratosphere II I415,2012.0,111592.35,154.0,4.0,384000.0,2.0,2.0,1.2,1.0,5.0,1800.0,
Samsung Galaxy Discover S730M,2012.0,79777.8,122.0,3.5,153600.0,2.0,1.0,0.8,0.512,3.0,1300.0,
Samsung Galaxy Pop SHV-E220,2013.0,83165.08199999998,134.0,4.65,921600.0,2.0,4.0,1.4,1.0,8.0,2100.0,
Samsung Galaxy Premier I9260,2012.0,82130.4,130.0,4.65,921600.0,2.0,2.0,1.5,1.0,8.0,2100.0,
Samsung Google Nexus 10 P8110,2012.0,417130.89599999995,603.0,10.1,4096000.0,2.0,2.0,1.7,2.0,5.0,9000.0,
Samsung I8190 Galaxy S III mini,2012.0,75841.92,111.5,4.0,384000.0,2.0,1.0,1.0,1.0,5.0,1500.0,
Samsung Galaxy Music S6010,2012.0,79899.57,106.9,3.0,76800.0,2.0,1.0,0.85,0.512,3.0,1300.0,
Samsung Galaxy Music Duos S6012,2012.0,79899.57,106.9,3.0,76800.0,2.0,1.0,0.85,0.512,3.0,1300.0,
Samsung Galaxy Rugby Pro I547,2012.0,108915.2,159.0,4.0,384000.0,2.0,2.0,1.5,1.0,5.0,1850.0,
Samsung Galaxy Express I437,2012.0,83621.53799999999,136.0,4.5,384000.0,2.0,2.0,1.5,1.0,5.0,2000.0,
Samsung I9305 Galaxy S III,2012.0,82938.05599999998,131.0,4.8,921600.0,2.0,4.0,1.4,2.0,8.0,2100.0,
Samsung Galaxy Victory 4G LTE L300,2012.0,98306.255,139.0,4.0,384000.0,2.0,2.0,1.2,1.0,5.0,2100.0,
Samsung Galaxy S Relay 4G T699,2012.0,112266.0,147.0,4.0,384000.0,2.0,2.0,1.5,1.0,5.0,1800.0,
Samsung Galaxy Note II N7100,2012.0,114337.37,183.0,5.5,921600.0,2.0,4.0,1.6,2.0,8.0,3100.0,
Samsung Galaxy Note II CDMA,2012.0,114337.37,179.4,5.5,921600.0,2.0,4.0,1.6,2.0,8.0,3100.0,
Samsung Galaxy Camera GC100,2012.0,174038.436,300.0,4.8,921600.0,2.0,4.0,1.4,1.0,16.0,1650.0,
Samsung Galaxy Rush M830,2012.0,87604.349,119.1,3.5,153600.0,2.0,1.0,1.0,0.768,3.0,1750.0,
Samsung Galaxy Stellar 4G I200,2012.0,93696.0,134.0,4.0,384000.0,2.0,2.0,1.2,1.0,3.0,2100.0,
Samsung Galaxy Reverb M950,2011.0,88230.40000000001,129.0,4.0,384000.0,2.0,1.0,1.4,0.768,5.0,1700.0,
Samsung Galaxy Tab 2 7.0 I705,2012.0,246699.64800000004,345.7,7.0,614400.0,2.0,2.0,1.2,1.0,3.0,4000.0,
Samsung Galaxy Note 10.1 N8000,2012.0,419724.0,600.0,10.1,1024000.0,2.0,4.0,1.4,2.0,5.0,7000.0,
Samsung Galaxy Note 10.1 N8010,2012.0,419724.0,597.0,10.1,1024000.0,2.0,4.0,1.4,2.0,5.0,7000.0,
Samsung Galaxy S Duos S7562,2012.0,80499.82500000001,120.0,4.0,384000.0,2.0,1.0,1.0,0.768,5.0,1500.0,
Samsung Galaxy I8250,2012.0,81033.75,125.0,4.0,384000.0,2.0,1.0,1.0,0.512,8.0,1650.0,
Samsung Galaxy Ace Advance S6800,2012.0,79707.075,122.0,3.5,153600.0,2.0,1.0,0.832,0.512,5.0,1300.0,
Samsung Galaxy Ace Duos S6802,2012.0,79707.075,122.0,3.5,153600.0,2.0,1.0,0.832,0.512,5.0,1300.0,
Samsung Galaxy Appeal I827,2012.0,91766.08,114.2,3.2,153600.0,2.0,1.0,0.8,0.512,3.0,1300.0,
Samsung Galaxy Tab 8.9 4G P7320T,2012.0,313349.772,458.0,8.9,1024000.0,2.0,2.0,1.5,1.0,3.0,6100.0,
Samsung Galaxy S III T999,2012.0,82938.05599999998,133.0,4.8,921600.0,2.0,2.0,1.5,2.0,8.0,2100.0,
Samsung Galaxy S III I747,2012.0,82938.05599999998,134.0,4.8,921600.0,2.0,2.0,1.5,2.0,8.0,2100.0,
Samsung Galaxy S III CDMA,2012.0,74137.39199999998,133.2,4.8,921600.0,2.0,2.0,1.5,2.0,8.0,2100.0,
Samsung I9300 Galaxy S III,2012.0,82938.05599999998,133.0,4.8,921600.0,2.0,4.0,1.4,1.0,8.0,2100.0,
Samsung I8530 Galaxy Beam,2012.0,99510.0,145.3,4.0,384000.0,2.0,2.0,1.0,0.768,5.0,2000.0,
Samsung Galaxy Tab 2 10.1 P5110,2012.0,436325.20600000006,581.0,10.1,1024000.0,2.0,2.0,1.0,1.0,3.0,7000.0,
Samsung Galaxy Tab 2 10.1 CDMA,2012.0,436325.20600000006,581.2,10.1,1024000.0,2.0,2.0,1.5,1.0,3.0,7000.0,
Samsung Galaxy Tab 2 10.1 P5100,2012.0,436325.20600000006,588.0,10.1,1024000.0,2.0,2.0,1.0,1.0,3.0,7000.0,
Samsung Rugby Smart I847,2012.0,98407.152,119.0,3.7,384000.0,2.0,1.0,1.4,0.512,5.0,1650.0,
Samsung Galaxy Ace II X S7560M,2012.0,80499.82500000001,122.0,4.0,384000.0,2.0,1.0,1.0,0.768,5.0,1500.0,
Samsung Galaxy Ace 2 I8160,2012.0,77261.73,122.0,3.8,384000.0,2.0,2.0,0.8,0.768,5.0,1500.0,
Samsung Galaxy mini 2 S6500,2012.0,74365.744,105.3,3.27,153600.0,2.0,1.0,0.8,0.512,3.0,1300.0,
Samsung Galaxy Pop Plus S5570i,2012.0,80951.90400000001,106.6,3.14,76800.0,2.0,1.0,0.832,0.384,3.0,1200.0,
Samsung Galaxy Tab 2 7.0 P3110,2012.0,248943.24000000002,344.0,7.0,614400.0,2.0,2.0,1.0,1.0,3.0,4000.0,
Samsung Galaxy Tab 2 7.0 P3100,2012.0,248943.24000000002,345.0,7.0,614400.0,2.0,2.0,1.0,1.0,3.0,4000.0,
Samsung I9070 Galaxy S Advance,2012.0,75287.52,120.0,4.0,384000.0,2.0,2.0,1.0,0.768,5.0,1500.0,
Samsung Galaxy Nexus I9250M,2012.0,81884.005,135.0,4.65,921600.0,2.0,2.0,1.2,1.0,5.0,1750.0,
Samsung Galaxy S Blaze 4G T769,2012.0,86012.64,127.6,3.97,384000.0,2.0,2.0,1.5,1.0,5.0,1750.0,
Samsung Galaxy Tab 7.7 LTE I815,2012.0,206722.934,340.2,7.7,1024000.0,2.0,2.0,1.4,1.0,3.0,5100.0,
Samsung Galaxy Nexus LTE L700,2012.0,86795.46399999999,144.5,4.65,921600.0,2.0,2.0,1.2,1.0,5.0,1850.0,
Samsung Exhilarate i577,2012.0,92232.0,130.0,4.0,384000.0,2.0,2.0,1.2,1.0,5.0,1750.0,
Samsung Galaxy Note T879,2012.0,118331.07599999999,180.0,5.3,1024000.0,2.0,2.0,1.5,1.0,8.0,2500.0,
Samsung Galaxy Note I717,2012.0,118188.68000000001,178.0,5.3,1024000.0,2.0,2.0,1.5,1.0,8.0,2500.0,
Samsung Galaxy Ace Plus S7500,2012.0,80150.0,115.0,3.65,153600.0,2.0,1.0,1.0,0.512,5.0,1300.0,
Samsung I929 Galaxy S II Duos,2011.0,86749.23400000001,138.0,4.52,384000.0,2.0,2.0,1.2,1.0,8.0,1800.0,
Samsung Galaxy Y Duos S6102,2011.0,79056.0,109.0,3.14,76800.0,2.0,1.0,0.832,0.512,3.0,1300.0,
Samsung Galaxy Y Pro Duos B5512,2011.0,83726.02,112.3,2.6,76800.0,2.0,1.0,0.832,0.512,3.0,1350.0,
Samsung I110 Illusion,2011.0,80174.952,120.0,3.5,153600.0,2.0,1.0,1.0,0.512,3.0,1500.0,
Samsung Galaxy S II Skyrocket i727,2011.0,84837.28,130.5,4.5,384000.0,2.0,2.0,1.5,1.0,8.0,1850.0,
Samsung Exhibit II 4G T679,2011.0,75900.0,116.0,3.7,384000.0,2.0,1.0,1.0,0.512,3.0,1500.0,
Samsung Galaxy Nexus i515,2011.0,87404.27500000001,150.0,4.65,921600.0,2.0,2.0,1.2,1.0,5.0,1850.0,
Samsung Galaxy Nexus I9250,2011.0,81884.005,135.0,4.65,921600.0,2.0,2.0,1.2,1.0,5.0,1750.0,
Samsung I9100G Galaxy S II,2011.0,70399.805,116.0,4.3,384000.0,2.0,2.0,1.2,1.0,8.0,1650.0,
Samsung I405 Stratosphere,2011.0,114660.0,164.0,4.0,384000.0,2.0,1.0,1.0,0.512,5.0,1800.0,
Samsung i927 Captivate Glide,2011.0,103168.0,147.0,4.0,384000.0,2.0,2.0,1.0,1.0,8.0,1650.0,
Samsung DoubleTime I857,2011.0,105090.0,148.0,3.2,153600.0,2.0,1.0,0.8,0.256,3.0,1200.0,
Samsung P6210 Galaxy Tab 7.0 Plus,2011.0,234717.912,345.0,7.0,614400.0,2.0,2.0,1.2,1.0,3.0,4000.0,
Samsung P6200 Galaxy Tab 7.0 Plus,2011.0,234717.912,345.0,7.0,614400.0,2.0,2.0,1.2,1.0,3.0,4000.0,
Samsung Galaxy S II HD LTE,2011.0,84837.28,130.5,4.65,921600.0,2.0,2.0,1.5,1.0,8.0,1850.0,
Samsung P6800 Galaxy Tab 7.7,2011.0,206672.69,340.0,7.7,1024000.0,2.0,2.0,1.4,1.0,3.0,5100.0,
Samsung Galaxy Note N7000,2011.0,118269.19,178.0,5.3,1024000.0,2.0,2.0,1.4,1.0,8.0,2500.0,
Samsung Galaxy S II I777,2011.0,74012.40000000001,121.9,4.3,384000.0,2.0,2.0,1.2,1.0,8.0,1650.0,
Samsung Galaxy S II T989,2011.0,83944.256,135.0,4.52,384000.0,2.0,2.0,1.5,1.0,8.0,1850.0,
Samsung Galaxy S II Epic 4G Touch,2011.0,91000.0,130.0,4.52,384000.0,2.0,2.0,1.2,1.0,8.0,1800.0,
Samsung Galaxy S II LTE i727R,2011.0,86009.15400000002,132.0,4.5,384000.0,2.0,2.0,1.5,1.0,8.0,1850.0,
Samsung Galaxy S II LTE I9210,2011.0,86009.15400000002,132.0,4.5,384000.0,2.0,2.0,1.5,1.0,8.0,1850.0,
Samsung Galaxy Tab 8.9 LTE I957,2011.0,313349.772,455.0,8.9,1024000.0,2.0,2.0,1.5,1.0,3.0,6100.0,
Samsung Galaxy W I8150,2011.0,79429.34999999999,114.7,3.7,384000.0,2.0,1.0,1.4,0.512,5.0,1500.0,
Samsung Galaxy Y S5360,2011.0,69368.0,97.5,3.0,76800.0,2.0,1.0,0.83,0.29,2.0,1200.0,
Samsung S5690 Galaxy Xcover,2011.0,96082.20000000001,100.0,3.65,153600.0,2.0,1.0,0.8,0.512,3.0,1500.0,
Samsung Galaxy S II 4G I9100M,2011.0,70399.805,116.0,4.3,384000.0,2.0,2.0,1.2,1.0,8.0,1700.0,
Samsung I9103 Galaxy R,2011.0,78375.0,135.0,4.2,384000.0,2.0,2.0,1.0,1.0,5.0,1650.0,
Samsung Conquer 4G,2011.0,82181.38499999998,116.0,3.5,153600.0,2.0,1.0,1.0,0.512,3.0,1500.0,
Samsung Gravity SMART,2011.0,94164.0,130.0,3.2,153600.0,2.0,1.0,0.8,0.27,3.0,1500.0,
Samsung Exhibit 4G,2011.0,89726.0,125.0,3.5,384000.0,2.0,1.0,1.0,1.0,3.0,1500.0,
Samsung I9001 Galaxy S Plus,2011.0,77794.99200000001,119.0,4.0,384000.0,2.0,1.0,1.4,0.512,5.0,1650.0,
Samsung M580 Replenish,2011.0,81180.0,116.0,2.8,76800.0,2.0,1.0,0.6,0.512,2.0,1160.0,
Samsung M220L Galaxy Neo,2011.0,79795.991,121.8,3.5,384000.0,2.0,1.0,0.8,0.512,3.0,1500.0,
Samsung Google Nexus S I9020A,2011.0,85082.13,129.0,4.0,384000.0,2.0,1.0,1.0,0.512,5.0,1500.0,
Samsung P1010 Galaxy Tab Wi-Fi,2011.0,274884.6,380.0,7.0,614400.0,2.0,1.0,1.0,0.592,3.0,4000.0,
Samsung P7500 Galaxy Tab 10.1 3G,2011.0,386995.786,565.0,10.1,1024000.0,2.0,2.0,1.0,1.0,3.0,7000.0,
Samsung Galaxy Tab 10.1 LTE I905,2011.0,386995.786,565.0,10.1,1024000.0,2.0,2.0,1.0,1.0,3.0,6800.0,
Samsung Galaxy Tab 10.1 P7510,2011.0,386995.786,560.0,10.1,1024000.0,2.0,2.0,1.0,1.0,3.0,7000.0,
Samsung Galaxy Tab 8.9 P7300,2011.0,313349.772,453.0,8.9,1024000.0,2.0,2.0,1.0,1.0,3.0,6000.0,
Samsung Galaxy Tab 8.9 P7310,2011.0,313349.772,447.9,8.9,1024000.0,2.0,2.0,1.0,1.0,3.0,6000.0,
Samsung Google Nexus S 4G,2011.0,85082.13,131.0,4.0,384000.0,2.0,1.0,1.0,0.512,5.0,1500.0,
Samsung I9100 Galaxy S II,2011.0,70399.805,116.0,4.3,384000.0,2.0,2.0,1.2,1.0,8.0,1650.0,
Samsung I9003 Galaxy SL,2011.0,84180.32400000001,131.0,4.0,384000.0,2.0,1.0,1.0,0.478,5.0,1650.0,
Samsung Galaxy Ace S5830,2011.0,77426.74,113.0,3.5,153600.0,2.0,1.0,0.8,0.278,5.0,1350.0,
Samsung Galaxy Fit S5670,2011.0,84977.424,108.0,3.3,76800.0,2.0,1.0,0.6,0.28,5.0,1350.0,
Samsung Galaxy Gio S5660,2011.0,77515.75,102.0,3.2,153600.0,2.0,1.0,0.8,0.278,3.0,1350.0,
Samsung Galaxy Mini S5570,2011.0,81219.072,105.0,3.14,76800.0,2.0,1.0,0.6,0.384,3.0,1200.0,
Samsung Google Nexus S,2010.0,85082.13,129.0,4.0,384000.0,2.0,1.0,1.0,0.512,5.0,1500.0,
Samsung Galaxy Tab T-Mobile T849,2010.0,274884.6,380.0,7.0,614400.0,2.0,1.0,1.0,0.64,3.0,4000.0,
Samsung P1000 Galaxy Tab,2010.0,274884.6,380.0,7.0,614400.0,2.0,1.0,1.0,0.512,3.0,4000.0,
Samsung Mesmerize i500,2010.0,79252.965,117.9,4.0,384000.0,2.0,1.0,1.0,0.512,5.0,1500.0,
Samsung M920 Transform,2010.0,107055.0,152.0,3.5,153600.0,2.0,1.0,0.8,0.512,3.0,1500.0,
Samsung i897 Captivate,2010.0,77794.99200000001,118.0,4.0,384000.0,2.0,1.0,1.0,0.512,5.0,1500.0,
Samsung Epic 4G,2010.0,112840.0,155.0,4.0,384000.0,2.0,1.0,1.0,0.512,5.0,1500.0,
Samsung Galaxy A,2010.0,89326.25,128.0,3.7,384000.0,2.0,1.0,0.72,1.0,5.0,1500.0,
Samsung I9000 Galaxy S,2010.0,77794.99200000001,119.0,4.0,384000.0,2.0,1.0,1.0,0.512,5.0,1500.0,
Samsung I8520 Galaxy Beam,2010.0,109595.45999999999,156.0,3.7,384000.0,2.0,1.0,0.72,0.512,8.0,1800.0,
Apple iPad mini 3,2014.0,202049.99999999997,331.0,7.9,3145728.0,3.0,2.0,1.3,1.0,5.0,6470.0,
Apple iPhone 6 Plus,2014.0,87331.27799999999,172.0,5.5,2073600.0,3.0,2.0,1.4,1.0,8.0,2915.0,
Apple iPhone 6,2014.0,63843.63,129.0,4.7,1000500.0,3.0,2.0,1.4,1.0,8.0,1810.0,
Apple iPad Air,2013.0,305100.0,469.0,9.7,3145728.0,3.0,2.0,1.3,1.0,5.0,8600.0,
Apple iPad mini 2,2013.0,202049.99999999997,331.0,7.9,3145728.0,3.0,2.0,1.3,1.0,5.0,6470.0,
Apple iPhone 5s,2013.0,55135.568,112.0,4.0,727040.0,3.0,2.0,1.3,1.0,8.0,1560.0,
Apple iPhone 5c,2013.0,66280.32,132.0,4.0,727040.0,3.0,2.0,1.3,1.0,8.0,1510.0,
Apple iPad mini Wi-Fi,2012.0,193967.99999999997,308.0,7.9,786432.0,3.0,2.0,1.0,0.512,5.0,4490.0,
Apple iPad mini Wi-Fi + Cellular,2012.0,193967.99999999997,312.0,7.9,786432.0,3.0,2.0,1.0,0.512,5.0,4490.0,
Apple iPad 4 Wi-Fi,2012.0,421033.896,652.0,9.7,3145728.0,3.0,2.0,1.4,1.0,5.0,11560.0,
Apple iPad 4 Wi-Fi + Cellular,2012.0,421033.896,662.0,9.7,3145728.0,3.0,2.0,1.4,1.0,5.0,11560.0,
Apple iPhone 5,2012.0,55135.568,112.0,4.0,727040.0,3.0,2.0,1.3,1.0,8.0,1440.0,
Apple iPad 3 Wi-Fi + Cellular,2012.0,421033.896,662.0,9.7,3145728.0,3.0,2.0,1.0,1.0,5.0,11560.0,
Apple iPad 3 Wi-Fi,2012.0,421033.896,652.0,9.7,3145728.0,3.0,2.0,1.0,1.0,5.0,11560.0,
Apple iPhone 4s,2011.0,62781.696,140.0,3.5,614400.0,3.0,2.0,1.0,0.512,8.0,1432.0,
Apple iPad 2 Wi-Fi + 3G,2011.0,394159.392,607.0,9.7,786432.0,3.0,2.0,1.0,0.512,0.0,6930.0,
Apple iPad 2 Wi-Fi,2011.0,394159.392,601.0,9.7,786432.0,3.0,2.0,1.0,0.512,0.0,6930.0,
Apple iPad 2 CDMA,2011.0,394159.392,607.0,9.7,786432.0,3.0,2.0,1.0,0.512,0.0,6930.0,
Apple iPhone 4,2010.0,62781.696,137.0,3.5,614400.0,3.0,1.0,1.0,0.512,5.0,1420.0,
Nokia N1,2014.0,191937.438,318.0,7.9,3145728.0,2.0,4.0,2.3,2.0,8.0,5300.0,
Nokia X2 Dual SIM,2014.0,92264.421,150.0,4.3,384000.0,2.0,2.0,1.2,1.0,5.0,1800.0,
Nokia XL,2014.0,119755.90200000002,190.0,5.0,384000.0,2.0,2.0,1.0,0.768,5.0,2000.0,
Nokia X+,2014.0,75675.6,128.7,4.0,384000.0,2.0,2.0,1.0,0.768,3.0,1500.0,
Sony Xperia M4 Aqua,2015.0,77112.09,136.0,5.0,921600.0,2.0,4.0,1.5,2.0,13.0,2400.0,
Sony Xperia Z4 Tablet LTE,2015.0,258749.8,392.0,10.1,4096000.0,2.0,4.0,1.5,3.0,8.0,6000.0,
Sony Xperia E4g,2015.0,101984.40000000001,135.0,4.7,518400.0,2.0,4.0,1.5,1.0,5.0,2300.0,
Sony Xperia E4g Dual,2015.0,101984.40000000001,135.0,4.7,518400.0,2.0,4.0,1.5,1.0,5.0,2300.0,
Sony Xperia E4 Dual,2015.0,107312.09999999999,144.0,5.0,518400.0,2.0,4.0,1.3,1.0,5.0,2300.0,
Sony Xperia E4,2015.0,107312.09999999999,144.0,5.0,518400.0,2.0,4.0,1.3,1.0,5.0,2300.0,
Sony Xperia E3 Dual,2014.0,80875.29,143.8,4.5,409920.0,2.0,4.0,1.2,1.0,5.0,2330.0,
Sony Xperia E3,2014.0,80875.29,143.8,4.5,409920.0,2.0,4.0,1.2,1.0,5.0,2330.0,
Sony Xperia Z3 Tablet Compact,2014.0,168807.936,270.0,8.0,2304000.0,2.0,4.0,2.5,3.0,8.0,4500.0,
Sony Xperia Z3 Dual,2014.0,76737.59999999999,152.0,5.2,2073600.0,2.0,4.0,2.5,3.0,20.0,3100.0,
Sony Xperia Z3v,2014.0,97009.11000000002,170.6,5.2,2073600.0,2.0,4.0,2.5,3.0,20.0,3200.0,
Sony Xperia Z3,2014.0,76737.59999999999,152.0,5.2,2073600.0,2.0,4.0,2.5,3.0,20.0,3100.0,
Sony Xperia Z3 Compact,2014.0,71051.222,129.0,4.6,921600.0,2.0,4.0,2.5,2.0,20.0,2600.0,
Sony Xperia M2 Aqua,2014.0,86688.0,149.0,4.8,518400.0,2.0,4.0,1.2,1.0,8.0,2300.0,
Sony Xperia C3 Dual,2014.0,93426.34399999998,149.7,5.5,921600.0,2.0,4.0,1.2,1.0,8.0,2500.0,
Sony Xperia C3,2014.0,93426.34399999998,149.7,5.5,921600.0,2.0,4.0,1.2,1.0,8.0,2500.0,
Sony Xperia Z2a,2014.0,108504.0,163.0,5.0,2073600.0,2.0,4.0,2.3,3.0,20.0,3000.0,
Sony Xperia T3,2014.0,81227.3,148.0,5.3,921600.0,2.0,4.0,1.4,1.0,8.0,2500.0,
Sony Xperia M2,2014.0,85420.96199999998,148.0,4.8,518400.0,2.0,4.0,1.2,1.0,8.0,2300.0,
Sony Xperia Z2 Tablet LTE,2014.0,292812.8,439.0,10.1,2304000.0,2.0,4.0,2.3,3.0,8.0,6000.0,
Sony Xperia Z2 Tablet Wi-Fi,2014.0,292812.8,426.0,10.1,2304000.0,2.0,4.0,2.3,3.0,8.0,6000.0,
Sony Xperia Z2,2014.0,88235.608,163.0,5.2,2073600.0,2.0,4.0,2.3,3.0,20.0,3200.0,
Sony Xperia E1 dual,2014.0,88358.4,122.0,4.0,384000.0,2.0,2.0,1.2,0.512,3.0,1750.0,
Sony Xperia E1,2014.0,88358.4,120.0,4.0,384000.0,2.0,2.0,1.2,0.512,3.0,1700.0,
Sony Xperia T2 Ultra dual,2014.0,106596.95199999999,171.8,6.0,921600.0,2.0,4.0,1.4,1.0,13.0,3000.0,
Sony Xperia T2 Ultra,2014.0,106596.95199999999,171.7,6.0,921600.0,2.0,4.0,1.4,1.0,13.0,3000.0,
Sony Xperia Z1s,2014.0,92598.17799999999,162.0,5.0,2073600.0,2.0,4.0,2.2,2.0,20.0,3000.0,
Sony Xperia Z1 Compact,2014.0,78301.85,137.0,4.3,921600.0,2.0,4.0,2.2,2.0,20.0,2300.0,
Sony Xperia Z1,2013.0,90576.0,170.0,5.0,2073600.0,2.0,4.0,2.2,2.0,20.0,3000.0,
Sony Xperia Z Ultra,2013.0,107514.42,212.0,6.4,2073600.0,2.0,4.0,2.2,2.0,8.0,3050.0,
Sony Xperia C,2013.0,93443.77000000002,153.0,5.0,518400.0,2.0,4.0,1.2,1.0,8.0,2390.0,
Sony Xperia M,2013.0,71498.40000000001,115.0,4.0,409920.0,2.0,2.0,1.0,1.0,5.0,1750.0,
Sony Xperia ZR,2013.0,92783.145,138.0,4.55,921600.0,2.0,4.0,1.5,2.0,13.0,2300.0,
Sony Xperia L,2013.0,81145.34999999999,137.0,4.3,409920.0,2.0,2.0,1.0,1.0,8.0,1750.0,
Sony Xperia SP,2013.0,87632.59999999998,155.0,4.6,921600.0,2.0,2.0,1.7,1.0,8.0,2370.0,
Sony Xperia Tablet Z LTE,2013.0,315688.8,495.0,10.1,2304000.0,2.0,4.0,1.5,2.0,8.0,6000.0,
Sony Xperia Tablet Z Wi-Fi,2013.0,315688.8,495.0,10.1,2304000.0,2.0,4.0,1.5,2.0,8.0,6000.0,
Sony Xperia Z,2013.0,77965.1,146.0,5.0,2073600.0,2.0,4.0,1.5,2.0,13.0,2330.0,
Sony Xperia E dual,2012.0,77157.29999999999,115.7,3.5,153600.0,2.0,1.0,1.0,0.512,3.0,1530.0,
Sony Xperia E,2012.0,77157.29999999999,115.7,3.5,153600.0,2.0,1.0,1.0,0.512,3.0,1530.0,
Sony Xperia T LTE,2012.0,81861.028,148.0,4.55,921600.0,2.0,2.0,1.5,1.0,13.0,1850.0,
Sony Xperia Tablet S 3G,2012.0,368025.856,585.0,9.4,1024000.0,2.0,4.0,1.3,1.0,8.0,6000.0,
Sony Xperia Tablet S,2012.0,368025.856,570.0,9.4,1024000.0,2.0,4.0,1.3,1.0,8.0,6000.0,
Sony Xperia V,2012.0,89719.5,120.0,4.3,921600.0,2.0,2.0,1.5,1.0,13.0,1750.0,
Sony Xperia J,2012.0,69985.87199999999,124.0,4.0,409920.0,2.0,1.0,1.0,0.512,5.0,1750.0,
Sony Xperia TX,2012.0,77284.75999999998,127.0,4.55,921600.0,2.0,2.0,1.5,1.0,13.0,1750.0,
Sony Xperia T,2012.0,81861.028,139.0,4.55,921600.0,2.0,2.0,1.5,1.0,13.0,1850.0,
Sony Xperia SL,2012.0,86835.2,144.0,4.3,921600.0,2.0,2.0,1.7,1.0,12.0,1750.0,
Sony Xperia tipo dual,2012.0,76323.0,99.4,3.2,153600.0,2.0,1.0,0.8,0.512,3.0,1500.0,
Sony Xperia tipo,2012.0,76323.0,99.4,3.2,153600.0,2.0,1.0,0.8,0.512,3.0,1500.0,
Sony Xperia miro,2012.0,66450.78,110.0,3.5,153600.0,2.0,1.0,0.8,0.512,5.0,1500.0,
Sony Xperia go,2012.0,65594.34,110.0,3.5,153600.0,2.0,2.0,1.0,0.512,5.0,1305.0,
Sony Xperia acro S,2012.0,98960.40000000001,147.0,4.3,921600.0,2.0,2.0,1.5,1.0,12.0,1910.0,
Sony Xperia SX SO-05D,2012.0,58374.0,95.0,3.7,518400.0,2.0,2.0,1.5,1.0,8.0,1500.0,
Sony Xperia GX SO-04D,2012.0,77735.4,127.0,4.6,921600.0,2.0,2.0,1.5,1.0,13.0,1700.0,
Sony Xperia acro HD SO-03D,2012.0,98960.40000000001,149.0,4.3,921600.0,2.0,2.0,1.5,1.0,12.0,1910.0,
Sony Xperia acro HD SOI12,2012.0,98960.40000000001,149.0,4.3,921600.0,2.0,2.0,1.5,1.0,12.0,1900.0,
Sony Xperia sola,2012.0,67755.6,107.0,3.7,409920.0,2.0,2.0,1.0,0.512,5.0,1320.0,
Sony Xperia U,2012.0,72576.0,110.0,3.5,409920.0,2.0,2.0,1.0,0.512,5.0,1320.0,
Sony Xperia P,2012.0,76219.5,120.0,4.0,518400.0,2.0,2.0,1.0,1.0,8.0,1305.0,
Sony Xperia S,2012.0,86835.2,144.0,4.3,921600.0,2.0,2.0,1.5,1.0,12.0,1750.0,
Sony Xperia ion HSPA,2012.0,97675.20000000001,144.0,4.55,921600.0,2.0,2.0,1.5,1.0,12.0,1900.0,
Sony Xperia ion LTE,2012.0,97675.20000000001,144.0,4.55,921600.0,2.0,2.0,1.5,1.0,12.0,1900.0,
Sony Tablet P,2012.0,398160.0,372.0,5.5,491520.0,2.0,2.0,1.0,1.0,5.0,3080.0,
Sony Tablet P 3G,2011.0,398160.0,372.0,5.5,491520.0,2.0,2.0,1.0,1.0,5.0,3080.0,
LG G Flex2,2015.0,79713.333,152.0,5.5,2073600.0,2.0,4.0,1.5,2.0,13.0,3000.0,
LG Tribute,2014.0,92496.15,138.9,4.5,384000.0,2.0,4.0,1.2,1.0,5.0,2100.0,
LG G2 Lite,2014.0,103021.27500000001,153.7,4.5,384000.0,2.0,4.0,1.2,1.0,8.0,1820.0,
LG G3 Dual-LTE,2014.0,97134.422,149.0,5.5,3686400.0,2.0,4.0,2.5,3.0,13.0,3000.0,
LG G3 Screen,2014.0,122626.38,182.0,5.9,2073600.0,2.0,4.0,1.5,2.0,13.0,3000.0,
LG F60,2014.0,91766.84999999999,129.6,4.5,384000.0,2.0,4.0,1.2,1.0,5.0,2100.0,
LG L60,2014.0,97088.394,119.0,4.3,384000.0,2.0,2.0,1.3,0.512,5.0,1540.0,
LG G3 Stylus,2014.0,115585.07400000002,163.0,5.5,518400.0,2.0,4.0,1.3,1.0,13.0,3000.0,
LG L Bello,2014.0,104323.50199999998,137.0,5.0,409920.0,2.0,4.0,1.3,1.0,8.0,2540.0,
LG L Fino,2014.0,103021.27500000001,145.0,4.5,384000.0,2.0,4.0,1.2,1.0,8.0,1900.0,
LG G Vista,2014.0,109621.51199999999,167.0,5.7,921600.0,2.0,4.0,1.2,1.0,8.0,3200.0,
LG G3 A,2014.0,98936.87999999999,146.8,5.2,2073600.0,2.0,4.0,2.26,2.0,13.0,2610.0,
LG L50,2014.0,99336.06000000001,142.0,4.0,384000.0,2.0,2.0,1.3,0.512,3.0,1900.0,
LG G Vista (CDMA),2014.0,109832.08599999998,168.1,5.7,921600.0,2.0,4.0,1.2,1.0,8.0,3200.0,
LG G3 LTE-A,2014.0,99317.218,154.0,5.5,3686400.0,2.0,4.0,2.7,3.0,13.0,3000.0,
LG G3 S,2014.0,98714.37599999999,134.0,5.0,921600.0,2.0,4.0,1.2,1.0,8.0,2540.0,
LG L65 D280,2014.0,80721.12,127.0,4.3,384000.0,2.0,2.0,1.2,1.0,5.0,2100.0,
LG G3 (CDMA),2014.0,97264.62900000002,149.7,5.5,3686400.0,2.0,4.0,2.5,3.0,13.0,3000.0,
LG G3,2014.0,97134.422,149.0,5.5,3686400.0,2.0,4.0,2.5,2.0,13.0,3000.0,
LG L35,2014.0,76809.74,107.0,3.2,153600.0,2.0,2.0,1.2,0.512,3.0,1540.0,
LG Volt,2014.0,90330.24,136.1,4.7,518400.0,2.0,4.0,1.2,1.0,8.0,3000.0,
LG G Pad 10.1,2014.0,385221.459,523.0,10.1,1024000.0,2.0,4.0,1.2,1.0,5.0,8000.0,
LG G Pad 8.0,2014.0,259195.464,342.0,8.0,1024000.0,2.0,4.0,1.2,1.0,5.0,4200.0,
LG G Pad 7.0,2014.0,217577.634,293.0,7.0,1024000.0,2.0,4.0,1.2,1.0,3.0,4000.0,
LG L80,2014.0,99602.12199999997,138.0,5.0,384000.0,2.0,2.0,1.2,1.0,8.0,2540.0,
LG Lucid 3 VS876,2014.0,85987.44,123.9,4.7,518400.0,2.0,4.0,1.2,1.0,5.0,2440.0,
LG L65 Dual D285,2014.0,81570.81599999999,126.0,4.3,384000.0,2.0,2.0,1.2,1.0,5.0,2100.0,
LG F70 D315,2014.0,84460.80000000002,129.6,4.5,384000.0,2.0,4.0,1.2,1.0,5.0,2440.0,
LG G2 mini LTE (Tegra),2014.0,83825.28000000001,121.0,4.7,518400.0,2.0,4.0,1.7,1.0,13.0,2440.0,
LG G2 mini LTE,2014.0,83825.28000000001,121.0,4.7,518400.0,2.0,4.0,1.2,1.0,8.0,2440.0,
LG G2 mini,2014.0,83825.28000000001,121.0,4.7,518400.0,2.0,4.0,1.2,1.0,8.0,2440.0,
LG L90 Dual D410,2014.0,84250.31999999999,125.0,4.7,518400.0,2.0,4.0,1.2,1.0,8.0,2540.0,
LG L90 D405,2014.0,84250.31999999999,126.0,4.7,518400.0,2.0,4.0,1.2,1.0,8.0,2540.0,
LG L70 D320N,2014.0,80721.12,124.0,4.5,384000.0,2.0,2.0,1.2,1.0,5.0,2100.0,
LG L70 Dual D325,2014.0,80721.12,126.6,4.5,384000.0,2.0,2.0,1.2,1.0,5.0,2100.0,
LG L40 D160,2014.0,76809.74,114.0,3.5,153600.0,2.0,2.0,1.2,0.512,3.0,1540.0,
LG L40 Dual D170,2014.0,76809.74,113.4,3.5,153600.0,2.0,2.0,1.2,0.512,3.0,1700.0,
LG G Pro 2,2014.0,107335.68300000002,172.0,5.9,2073600.0,2.0,4.0,2.26,3.0,13.0,3200.0,
LG Optimus L4 II Tri E470,2013.0,92686.632,140.0,3.8,153600.0,2.0,1.0,1.0,0.512,3.0,2150.0,
LG Optimus L1 II Tri E475,2014.0,80373.762,104.6,3.0,76800.0,2.0,1.0,1.0,0.512,2.0,1540.0,
LG Optimus F3Q,2014.0,110587.68,159.9,4.0,384000.0,2.0,2.0,1.2,1.0,5.0,2460.0,
LG GX F310L,2013.0,105438.07199999997,167.0,5.5,2073600.0,2.0,4.0,1.7,2.0,13.0,3140.0,
LG Nexus 5,2013.0,82067.048,130.0,4.95,2073600.0,2.0,4.0,2.3,2.0,8.0,2300.0,
LG G Flex,2013.0,113942.15999999999,177.0,6.0,921600.0,2.0,4.0,2.26,2.0,13.0,3500.0,
LG G Pro Lite Dual,2013.0,108573.572,161.0,5.5,518400.0,2.0,2.0,1.0,1.0,8.0,3140.0,
LG G Pad 8.3,2013.0,227629.16000000003,338.0,8.3,2304000.0,2.0,4.0,1.7,2.0,5.0,4600.0,
LG G2,2013.0,87394.88500000001,143.0,5.2,2073600.0,2.0,4.0,2.26,2.0,13.0,3000.0,
LG Optimus L9 II,2013.0,76847.40000000001,120.0,4.7,921600.0,2.0,2.0,1.4,1.0,8.0,2150.0,
LG Enact VS890,2013.0,91723.73999999999,169.8,4.0,384000.0,2.0,2.0,1.2,1.0,5.0,2460.0,
LG Optimus GJ E975W,2013.0,88664.65400000002,141.2,4.7,921600.0,2.0,4.0,1.5,2.0,13.0,2280.0,
LG Optimus L4 II Dual E445,2013.0,86848.104,125.0,3.8,153600.0,2.0,1.0,1.0,0.512,3.0,1700.0,
LG Optimus L4 II E440,2013.0,86617.125,125.0,3.8,153600.0,2.0,1.0,1.0,0.512,3.0,1700.0,
LG Optimus Zone VS410,2013.0,75087.81,110.0,3.2,76800.0,2.0,1.0,0.8,0.512,3.0,1540.0,
LG Optimus F3,2013.0,72701.81999999999,113.4,4.0,384000.0,2.0,2.0,1.2,1.0,5.0,2460.0,
LG Lucid2 VS870,2013.0,75391.40000000001,129.0,4.3,518400.0,2.0,2.0,1.2,1.0,5.0,2460.0,
LG Optimus F7,2013.0,86226.62399999998,133.2,4.7,921600.0,2.0,2.0,1.5,1.0,8.0,2540.0,
LG Optimus F6,2013.0,86039.04000000001,126.0,4.5,518400.0,2.0,2.0,1.2,1.0,5.0,2460.0,
LG Optimus F5,2013.0,75581.1,131.0,4.3,518400.0,2.0,2.0,1.2,1.0,5.0,2150.0,
LG Optimus G Pro E985,2013.0,107444.06799999998,172.0,5.5,2073600.0,2.0,4.0,1.7,2.0,13.0,3140.0,
LG Optimus L7 II Dual P715,2013.0,78943.64399999999,115.5,4.3,384000.0,2.0,2.0,1.0,0.768,8.0,2460.0,
LG Optimus L7 II P710,2013.0,78491.43,118.0,4.3,384000.0,2.0,2.0,1.0,0.768,8.0,2460.0,
LG Optimus L5 II E460,2013.0,67238.2,103.3,4.0,384000.0,2.0,1.0,1.0,0.512,5.0,1700.0,
LG Optimus L3 II Dual E435,2013.0,75062.463,110.0,3.2,76800.0,2.0,1.0,1.0,0.512,3.0,1540.0,
LG Optimus L3 II E430,2013.0,74599.434,107.0,3.2,76800.0,2.0,1.0,1.0,0.512,3.0,1540.0,
LG Optimus L1 II E410,2013.0,74318.496,105.0,3.0,76800.0,2.0,1.0,1.0,0.512,2.0,1540.0,
LG Nexus 4 E960,2012.0,83710.263,139.0,4.7,983040.0,2.0,4.0,1.5,2.0,8.0,2100.0,
LG Spectrum II 4G VS930,2012.0,83844.397,148.0,4.7,921600.0,2.0,2.0,1.5,1.0,8.0,2150.0,
LG Mach LS860,2012.0,93494.7,167.8,4.0,384000.0,2.0,2.0,1.2,1.0,5.0,1700.0,
LG Optimus L9 P769,2012.0,80013.02399999999,119.1,4.5,518400.0,2.0,2.0,1.0,1.0,5.0,2150.0,
LG Optimus Vu II,2013.0,106373.40799999998,159.0,5.0,786432.0,2.0,2.0,1.5,2.0,8.0,2150.0,
LG Optimus G E970,2012.0,78668.35200000001,147.1,4.7,983040.0,2.0,4.0,1.5,2.0,8.0,2100.0,
LG Optimus G E975,2012.0,77247.23500000002,145.0,4.7,983040.0,2.0,4.0,1.5,2.0,13.0,2100.0,
LG Intuition VS950,2012.0,106082.592,168.1,5.0,786432.0,2.0,2.0,1.5,1.0,8.0,2080.0,
LG Splendor US730,2012.0,75375.0,120.0,4.3,384000.0,2.0,1.0,1.0,0.768,5.0,1700.0,
LG Optimus L5 Dual E615,2012.0,74736.025,120.0,4.0,153600.0,2.0,1.0,0.8,0.512,5.0,1540.0,
LG Optimus L9 P760,2012.0,81859.77799999999,125.0,4.7,518400.0,2.0,2.0,1.0,1.0,5.0,2150.0,
LG Motion 4G MS770,2012.0,79220.7,132.0,3.5,153600.0,2.0,2.0,1.2,1.0,5.0,1700.0,
LG Optimus Vu P895,2012.0,107268.64,168.0,5.0,786432.0,2.0,4.0,1.5,1.0,8.0,2100.0,
LG Optimus L3 E405,2012.0,75209.904,119.0,3.2,76800.0,2.0,1.0,0.8,0.384,3.0,1540.0,
LG Optimus Elite LS696,2012.0,73710.0,120.0,3.5,153600.0,2.0,1.0,0.8,4.0,5.0,1520.0,
LG Optimus LTE2,2012.0,83318.685,145.0,4.7,921600.0,2.0,2.0,1.5,2.0,8.0,2150.0,
LG Optimus True HD LTE P936,2012.0,93848.66400000002,135.0,4.5,921600.0,2.0,2.0,1.5,1.0,8.0,1830.0,
LG Lucid 4G VS840,2012.0,84451.42800000001,142.0,4.0,384000.0,2.0,2.0,1.2,1.0,5.0,1700.0,
LG Optimus M+ MS695,2012.0,70639.07400000001,119.0,3.5,153600.0,2.0,1.0,0.8,0.512,5.0,1300.0,
LG Optimus 4X HD P880,2012.0,80246.316,133.0,4.7,921600.0,2.0,4.0,1.5,1.0,8.0,2150.0,
LG Optimus 3D Max P720,2012.0,82044.67199999999,148.0,4.3,384000.0,2.0,2.0,1.2,1.0,5.0,1520.0,
LG Optimus 3D Cube SU870,2012.0,82044.67199999999,148.0,4.3,384000.0,2.0,2.0,1.2,1.0,5.0,1520.0,
LG Optimus L7 P700,2012.0,73153.95,122.0,4.3,384000.0,2.0,1.0,1.0,0.512,5.0,1700.0,
LG Optimus Vu F100S,2012.0,107268.64,168.0,5.0,786432.0,2.0,2.0,1.5,1.0,8.0,2080.0,
LG Optimus LTE Tag,2012.0,81598.825,141.7,4.3,384000.0,2.0,2.0,1.2,1.0,5.0,1700.0,
LG Optimus L3 E400,2012.0,75209.904,110.0,3.2,76800.0,2.0,1.0,0.8,0.384,3.0,1500.0,
LG Connect 4G MS840,2012.0,84871.79999999999,137.0,4.0,403200.0,2.0,2.0,1.2,1.0,5.0,1540.0,
LG Viper 4G LTE LS840,2012.0,84871.79999999999,142.0,4.0,384000.0,2.0,2.0,1.2,1.0,5.0,1700.0,
LG Spectrum VS920,2012.0,96881.40800000001,141.5,4.5,921600.0,2.0,2.0,1.5,1.0,8.0,1830.0,
LG Prada 3.0,2011.0,74778.75,138.0,4.3,384000.0,2.0,2.0,1.0,1.0,8.0,1540.0,
LG Nitro HD,2011.0,94415.568,127.0,4.5,921600.0,2.0,2.0,1.5,1.0,8.0,1830.0,
LG Optimus 4G LTE P935,2011.0,95464.00500000002,135.0,4.5,921600.0,2.0,2.0,1.5,1.0,8.0,1830.0,
LG DoublePlay,2011.0,124825.6,192.0,3.5,153600.0,2.0,1.0,1.0,0.512,5.0,1500.0,
LG Optimus LTE LU6200,2011.0,93848.66400000002,139.0,4.5,921600.0,2.0,2.0,1.5,1.0,8.0,1830.0,
LG Optimus EX SU880,2011.0,72567.64,127.0,4.0,384000.0,2.0,2.0,1.0,1.0,5.0,1500.0,
LG Optimus Q2 LU6500,2011.0,98338.5,147.0,4.0,384000.0,2.0,2.0,1.2,1.0,5.0,1500.0,
LG Optimus Hub E510,2011.0,82047.168,123.0,3.5,153600.0,2.0,1.0,0.8,0.512,5.0,1500.0,
LG Optimus Sol E730,2011.0,75031.25,110.0,3.8,384000.0,2.0,1.0,1.0,2.0,5.0,1500.0,
LG Optimus Net Dual,2011.0,81384.59999999999,102.0,3.2,153600.0,2.0,1.0,0.8,0.512,3.0,1500.0,
LG Optimus Net,2011.0,81027.65,129.2,3.2,153600.0,2.0,1.0,0.8,0.512,3.0,1500.0,
LG Esteem MS910,2011.0,111488.0,172.0,4.3,384000.0,2.0,1.0,1.0,0.512,5.0,1500.0,
LG Marquee LS855,2011.0,70272.0,112.0,4.0,384000.0,2.0,1.0,1.0,0.512,5.0,1500.0,
LG Optimus Black (White version),2011.0,71833.59999999999,109.0,4.0,384000.0,2.0,1.0,1.0,0.512,5.0,1500.0,
LG Optimus Pro C660,2011.0,92030.535,129.0,2.8,76800.0,2.0,1.0,0.8,0.256,3.0,1500.0,
LG Thrill 4G P925,2011.0,104224.96000000002,168.0,4.3,384000.0,2.0,2.0,1.0,0.512,5.0,1500.0,
LG Optimus 3D P920,2011.0,104224.96000000002,168.0,4.3,384000.0,2.0,2.0,1.0,0.512,5.0,1500.0,
LG Optimus Black P970,2011.0,71833.59999999999,109.0,4.0,384000.0,2.0,1.0,1.0,0.512,5.0,1500.0,
LG Optimus 2X SU660,2010.0,85352.232,139.0,4.0,384000.0,2.0,2.0,1.0,0.512,8.0,1500.0,
LG Optimus 2X,2010.0,85352.232,139.0,4.0,384000.0,2.0,2.0,1.0,0.512,8.0,1500.0,
LG Axis,2011.0,103191.696,158.0,3.2,384000.0,2.0,1.0,0.6,0.256,3.0,1500.0,
LG Optimus One P500,2010.0,89063.45000000001,129.0,3.2,153600.0,2.0,1.0,0.6,0.512,3.0,1500.0,
LG Optimus Q LU2300,2010.0,96833.87999999999,157.0,3.5,384000.0,2.0,1.0,1.0,0.512,5.0,1500.0,
LG GT540 Optimus,2010.0,75444.34999999999,115.5,3.0,153600.0,2.0,1.0,0.6,0.156,3.0,1500.0,
HTC Desire 626,2014.0,85404.722,140.0,5.0,921600.0,2.0,8.0,1.7,1.0,13.0,2000.0,
HTC Desire 526G+ dual sim,2015.0,96604.596,154.0,4.7,518400.0,2.0,8.0,1.7,1.0,8.0,2000.0,
HTC Desire 826,2015.0,97960.0,183.0,5.5,2073600.0,2.0,4.0,1.7,2.0,13.0,2600.0,
HTC Desire 320,2015.0,93970.8,145.0,4.5,409920.0,2.0,4.0,1.3,0.512,5.0,2100.0,
HTC Desire 620G dual sim,2014.0,104757.792,160.0,5.0,921600.0,2.0,8.0,1.7,1.0,8.0,2100.0,
HTC Desire 620 dual sim,2014.0,104757.792,160.0,5.0,921600.0,2.0,4.0,1.2,1.0,8.0,2100.0,
HTC Nexus 9,2014.0,280594.72,425.0,8.9,3145728.0,2.0,2.0,2.3,2.0,8.0,6700.0,
HTC Desire 816G dual sim,2014.0,98595.36,158.0,5.5,921600.0,2.0,8.0,1.7,1.0,13.0,2600.0,
HTC One (M8 Eye),2014.0,97156.89600000001,160.0,5.0,2073600.0,2.0,4.0,2.3,2.0,13.0,2600.0,
HTC Desire Eye,2014.0,95161.40999999999,154.0,5.2,2073600.0,2.0,4.0,2.3,2.0,13.0,2400.0,
HTC Desire 612,2014.0,95161.08800000002,146.0,4.7,518400.0,2.0,4.0,1.2,1.0,8.0,2040.0,
HTC Desire 820q dual sim,2014.0,95564.623,155.0,5.5,921600.0,2.0,4.0,1.2,1.0,13.0,2600.0,
HTC Desire 820 dual sim,2014.0,95564.623,155.0,5.5,921600.0,2.0,4.0,1.7,2.0,13.0,2600.0,
HTC Desire 820,2014.0,95564.623,155.0,5.5,921600.0,2.0,4.0,1.5,2.0,13.0,2600.0,
HTC One (E8) CDMA,2014.0,102469.75200000002,164.0,5.0,2073600.0,2.0,4.0,2.3,2.0,13.0,2600.0,
HTC Desire 510,2014.0,97650.20000000001,158.0,4.7,409920.0,2.0,4.0,1.2,1.0,5.0,2100.0,
HTC Butterfly 2,2014.0,102070.8,151.0,5.0,2073600.0,2.0,4.0,2.5,2.0,13.0,2700.0,
HTC One (M8) dual sim,2014.0,97156.89600000001,160.0,5.0,2073600.0,2.0,4.0,2.3,2.0,4.0,2600.0,
HTC Desire 516 dual sim,2014.0,97776.0,160.0,5.0,518400.0,2.0,4.0,1.2,1.0,5.0,1950.0,
HTC One (E8),2014.0,102469.75200000002,145.0,5.0,2073600.0,2.0,4.0,2.5,2.0,13.0,2600.0,
HTC One mini 2,2014.0,94668.59999999999,137.0,4.5,921600.0,2.0,4.0,1.2,1.0,13.0,2110.0,
HTC Desire 616 dual sim,2014.0,93930.16,150.0,5.0,921600.0,2.0,8.0,1.4,1.0,8.0,2000.0,
HTC Desire 210 dual sim,2014.0,85790.25,130.0,4.0,384000.0,2.0,2.0,1.0,0.512,5.0,1300.0,
HTC One (M8) CDMA,2014.0,97156.89600000001,160.0,5.0,2073600.0,2.0,4.0,2.3,2.0,4.0,2600.0,
HTC One (M8),2014.0,97156.89600000001,160.0,5.0,2073600.0,2.0,4.0,2.3,2.0,4.0,2600.0,
HTC Desire 310 dual sim,2014.0,100967.76000000001,140.0,4.5,409920.0,2.0,4.0,1.3,0.512,5.0,2000.0,
HTC Desire 310,2014.0,101736.16000000002,140.0,4.5,409920.0,2.0,4.0,1.3,0.512,5.0,2000.0,
HTC Desire 816 dual sim,2014.0,97362.918,165.0,5.5,921600.0,2.0,4.0,1.6,1.0,13.0,2600.0,
HTC Desire 816,2014.0,97362.918,165.0,5.5,921600.0,2.0,4.0,1.6,1.0,13.0,2600.0,
HTC Desire 610,2014.0,96850.07999999999,143.5,4.7,518400.0,2.0,4.0,1.2,1.0,8.0,2040.0,
HTC Desire 501 dual sim,2013.0,83995.31000000001,130.0,4.3,384000.0,2.0,2.0,1.2,1.0,8.0,2100.0,
HTC Desire 700,2014.0,107902.8,149.0,5.0,518400.0,2.0,4.0,1.2,1.0,8.0,2100.0,
HTC Desire 700 dual sim,2013.0,107902.8,149.0,5.0,518400.0,2.0,4.0,1.2,1.0,8.0,2100.0,
HTC Desire 601 dual sim,2013.0,88814.385,130.0,4.5,518400.0,2.0,4.0,1.2,1.0,5.0,2100.0,
HTC Desire 501,2013.0,83995.31000000001,130.0,4.3,384000.0,2.0,2.0,1.2,1.0,8.0,2100.0,
HTC One Max,2013.0,139783.875,217.0,5.9,2073600.0,2.0,4.0,1.7,2.0,4.0,3300.0,
HTC Desire 601,2013.0,88814.385,130.0,4.5,518400.0,2.0,2.0,1.4,1.0,5.0,2100.0,
HTC Desire 500,2013.0,87292.45800000003,123.0,4.3,384000.0,2.0,4.0,1.2,1.0,8.0,1800.0,
HTC One mini,2013.0,77584.32,122.0,4.3,921600.0,2.0,2.0,1.4,1.0,4.0,1800.0,
HTC Desire L,2013.0,76212.48000000001,118.0,4.3,384000.0,2.0,2.0,1.0,1.0,5.0,1800.0,
HTC Desire P,2013.0,94230.94099999999,136.0,4.3,384000.0,2.0,2.0,1.0,0.768,8.0,1620.0,
HTC Desire Q,2013.0,68657.715,114.0,4.0,384000.0,2.0,1.0,1.0,0.512,5.0,1650.0,
HTC Butterfly S,2013.0,107984.84999999999,160.0,5.0,2073600.0,2.0,4.0,1.9,2.0,4.0,3200.0,
HTC Desire 200,2013.0,77923.104,100.0,3.5,153600.0,2.0,1.0,1.0,0.512,5.0,1230.0,
HTC Desire 600 dual sim,2013.0,83993.88,130.0,4.5,518400.0,2.0,4.0,1.2,1.0,8.0,1860.0,
HTC First,2013.0,72891.0,123.9,4.3,921600.0,2.0,2.0,1.4,1.0,5.0,2000.0,
HTC One Dual Sim,2013.0,99315.21600000001,156.0,4.68,2073600.0,2.0,4.0,1.7,2.0,4.0,2300.0,
HTC One,2013.0,87147.32400000001,143.0,4.7,2073600.0,2.0,4.0,1.7,2.0,4.0,2300.0,
HTC Desire U,2013.0,68657.715,114.0,4.0,384000.0,2.0,1.0,1.0,0.512,5.0,1650.0,
HTC Desire 400 dual sim,2012.0,76212.48000000001,119.0,4.3,384000.0,2.0,2.0,1.0,1.0,5.0,1800.0,
HTC Butterfly,2012.0,91741.65,140.0,5.0,2073600.0,2.0,4.0,1.5,2.0,8.0,2020.0,
HTC DROID DNA,2012.0,96422.84999999999,141.7,5.0,2073600.0,2.0,4.0,1.5,2.0,8.0,2020.0,
HTC One SV CDMA,2012.0,78781.44,122.0,4.3,384000.0,2.0,2.0,1.2,1.0,5.0,1800.0,
HTC One SV,2012.0,78781.44,122.0,4.3,384000.0,2.0,2.0,1.2,1.0,5.0,1800.0,
HTC One VX,2012.0,83026.31999999998,124.7,4.5,518400.0,2.0,2.0,1.2,1.0,5.0,1800.0,
HTC One X+,2012.0,83611.58400000002,135.0,4.7,921600.0,2.0,4.0,1.7,1.0,8.0,2100.0,
HTC One ST,2012.0,79637.76000000001,115.0,4.3,384000.0,2.0,2.0,1.0,1.0,5.0,1800.0,
HTC One SC,2012.0,76212.48000000001,116.0,4.3,384000.0,2.0,2.0,1.0,1.0,5.0,1800.0,
HTC Desire X,2012.0,68657.715,114.0,4.0,384000.0,2.0,2.0,1.0,0.768,5.0,1650.0,
HTC Desire VT,2012.0,71355.84,118.0,4.0,384000.0,2.0,1.0,1.0,0.512,5.0,1650.0,
HTC Desire XC,2013.0,69981.59,107.0,4.0,384000.0,2.0,2.0,1.0,0.768,5.0,1650.0,
HTC Desire VC,2012.0,70726.075,119.0,4.0,384000.0,2.0,1.0,1.0,0.512,5.0,1650.0,
HTC Desire V,2012.0,68657.715,114.0,4.0,384000.0,2.0,1.0,1.0,0.512,5.0,1650.0,
HTC Desire C,2012.0,79904.73600000002,100.0,3.5,153600.0,2.0,1.0,0.6,0.512,5.0,1230.0,
HTC J,2012.0,82450.5,137.0,4.3,518400.0,2.0,2.0,1.5,1.0,8.0,1810.0,
HTC DROID Incredible 4G LTE,2012.0,87000.03,132.0,4.0,518400.0,2.0,2.0,1.2,1.0,8.0,1700.0,
HTC Evo 4G LTE,2012.0,82660.70800000001,134.0,4.7,921600.0,2.0,2.0,1.5,1.0,8.0,2000.0,
HTC One XC,2012.0,88361.40000000001,138.5,4.7,921600.0,2.0,2.0,1.5,1.0,8.0,2000.0,
HTC One X,2012.0,83611.58400000002,130.0,4.7,921600.0,2.0,4.0,1.5,1.0,8.0,1800.0,
HTC One X AT&T,2012.0,83860.42800000003,129.0,4.7,921600.0,2.0,2.0,1.5,1.0,8.0,1800.0,
HTC One S C2,2012.0,66366.3,119.5,4.3,518400.0,2.0,2.0,1.7,1.0,8.0,1650.0,
HTC One S,2012.0,66366.3,119.5,4.3,518400.0,2.0,2.0,1.5,1.0,8.0,1650.0,
HTC Velocity 4G Vodafone,2012.0,97514.48000000001,163.8,4.5,518400.0,2.0,2.0,1.5,1.0,8.0,1620.0,
HTC One V,2012.0,66073.572,115.0,3.7,384000.0,2.0,1.0,1.0,0.512,5.0,1500.0,
HTC Velocity 4G,2012.0,97514.48000000001,163.8,4.5,518400.0,2.0,2.0,1.5,1.0,8.0,1620.0,
HTC Rezound,2011.0,115758.15,170.1,4.3,921600.0,2.0,2.0,1.5,1.0,8.0,1620.0,
HTC Vivid,2011.0,96795.77599999998,176.9,4.5,518400.0,2.0,2.0,1.2,1.0,8.0,1620.0,
HTC EVO Design 4G,2011.0,88487.21,147.4,4.0,518400.0,2.0,1.0,1.2,0.768,5.0,1520.0,
HTC Sensation XL,2011.0,92740.725,162.5,4.7,384000.0,2.0,1.0,1.5,0.768,8.0,1600.0,
HTC Explorer,2011.0,75854.064,108.0,3.2,153600.0,2.0,1.0,0.6,0.512,3.0,1230.0,
HTC Amaze 4G,2011.0,100630.40000000001,172.9,4.3,518400.0,2.0,2.0,1.5,1.0,8.0,1730.0,
HTC Raider 4G,2011.0,96051.2,177.0,4.5,518400.0,2.0,2.0,1.2,1.0,8.0,1620.0,
HTC Rhyme,2011.0,78863.68000000001,130.0,3.7,384000.0,2.0,1.0,1.0,0.768,5.0,1600.0,
HTC Hero S,2011.0,82800.0,130.0,4.0,518400.0,2.0,1.0,1.2,0.768,5.0,1520.0,
HTC Rhyme CDMA,2011.0,78863.68000000001,130.0,3.7,384000.0,2.0,1.0,1.0,0.768,5.0,1600.0,
HTC Sensation XE,2011.0,93190.422,151.0,4.3,518400.0,2.0,2.0,1.5,0.768,8.0,1730.0,
HTC Jetstream,2011.0,580814.0,709.0,10.1,1024000.0,2.0,2.0,1.5,1.0,8.0,7300.0,
HTC Panache,2011.0,84776.25,150.0,3.8,384000.0,2.0,1.0,1.0,0.768,5.0,1400.0,
HTC Status,2011.0,79075.568,120.0,2.6,153600.0,2.0,1.0,0.8,0.512,5.0,1250.0,
HTC DROID Incredible 2,2011.0,94242.56,135.0,4.0,384000.0,2.0,1.0,1.0,0.768,8.0,1450.0,
HTC Sensation 4G,2011.0,93190.422,148.0,4.3,518400.0,2.0,2.0,1.2,0.768,8.0,1520.0,
HTC EVO 3D,2011.0,99099.0,170.0,4.3,518400.0,2.0,2.0,1.2,1.0,5.0,1730.0,
HTC Sensation,2011.0,93190.422,148.0,4.3,518400.0,2.0,2.0,1.2,0.768,8.0,1520.0,
HTC EVO 3D CDMA,2011.0,99745.8,170.1,4.3,518400.0,2.0,2.0,1.2,1.0,5.0,1730.0,
HTC Merge,2011.0,103104.354,198.0,3.8,384000.0,2.0,1.0,0.8,0.512,5.0,1400.0,
HTC Incredible S,2011.0,89856.0,135.5,4.0,384000.0,2.0,1.0,1.0,0.768,8.0,1450.0,
HTC Desire S,2011.0,79773.2,130.0,3.7,384000.0,2.0,1.0,1.0,0.768,5.0,1450.0,
HTC Wildfire S,2011.0,74613.52799999999,105.0,3.2,153600.0,2.0,1.0,0.6,0.512,5.0,1230.0,
HTC Salsa,2011.0,79039.677,120.0,3.4,153600.0,2.0,1.0,0.8,0.512,5.0,1520.0,
HTC ChaCha,2011.0,79075.568,120.0,2.6,153600.0,2.0,1.0,0.8,0.512,5.0,1250.0,
HTC Flyer,2011.0,314672.16,420.8,7.0,614400.0,2.0,1.0,1.5,1.0,5.0,4000.0,
HTC EVO View 4G,2011.0,285376.0,425.0,7.0,614400.0,2.0,1.0,1.5,1.0,5.0,4000.0,
HTC Inspire 4G,2011.0,97923.033,163.9,4.3,384000.0,2.0,1.0,1.0,0.768,8.0,1230.0,
HTC ThunderBolt 4G,2011.0,104676.0,164.0,4.3,384000.0,2.0,1.0,1.0,0.768,8.0,1400.0,
HTC Gratia,2010.0,70074.342,115.0,3.2,153600.0,2.0,1.0,0.6,0.384,5.0,1200.0,
HTC Evo 4G+,2011.0,99099.0,160.0,4.3,518400.0,2.0,2.0,1.2,1.0,8.0,1730.0,
HTC Aria,2010.0,70074.342,115.0,3.2,153600.0,2.0,1.0,0.6,0.384,5.0,1200.0,
HTC Wildfire CDMA,2010.0,85570.8,115.0,3.2,76800.0,2.0,1.0,0.528,0.384,5.0,1300.0,
HTC Legend,2010.0,72514.4,126.0,3.2,153600.0,2.0,1.0,0.6,0.512,5.0,1300.0,
HTC Google Nexus One,2010.0,81836.3,130.0,3.7,384000.0,2.0,1.0,1.0,0.512,5.0,1400.0,
Motorola Moto G 4G (2015),2015.0,110044.55000000002,155.0,5.0,921600.0,2.0,4.0,1.2,1.0,8.0,2390.0,
Motorola Moto Maxx,2014.0,87303.965,176.0,5.2,3686400.0,2.0,4.0,2.7,3.0,21.0,3900.0,
Motorola DROID Turbo,2014.0,87303.965,169.0,5.2,3686400.0,2.0,4.0,2.7,3.0,21.0,3900.0,
Motorola Nexus 6,2014.0,133541.19,184.0,5.96,3686400.0,2.0,4.0,2.7,3.0,13.0,3220.0,
Motorola Moto X (2014),2014.0,101939.20000000001,144.0,5.2,2073600.0,2.0,4.0,2.5,2.0,13.0,2300.0,
Motorola Moto G Dual SIM (2014),2014.0,110044.55000000002,149.0,5.0,921600.0,2.0,4.0,1.2,1.0,8.0,2070.0,
Motorola Moto G (2014),2014.0,110044.55000000002,149.0,5.0,921600.0,2.0,4.0,1.2,1.0,8.0,2070.0,
Motorola Moto G 4G,2014.0,99300.75600000002,143.0,4.5,921600.0,2.0,4.0,1.2,1.0,5.0,2070.0,
Motorola Luge,2014.0,62409.312000000005,125.9,4.3,518400.0,2.0,2.0,1.5,1.0,8.0,2000.0,
Motorola Moto E,2014.0,99470.59199999999,142.0,4.3,518400.0,2.0,2.0,1.2,1.0,5.0,1980.0,
Motorola Moto E Dual SIM,2014.0,99470.59199999999,142.0,4.3,518400.0,2.0,2.0,1.2,1.0,5.0,1980.0,
Motorola Moto G Dual SIM,2014.0,99300.75600000002,143.0,4.5,921600.0,2.0,4.0,1.2,1.0,5.0,2070.0,
Motorola Moto G,2013.0,99300.75600000002,143.0,4.5,921600.0,2.0,4.0,1.2,1.0,5.0,2070.0,
Motorola Moto X,2013.0,87810.21600000001,130.0,4.7,921600.0,2.0,2.0,1.7,2.0,10.0,2200.0,
Motorola DROID Ultra,2013.0,70488.0,137.0,5.0,921600.0,2.0,2.0,1.7,2.0,10.0,2130.0,
Motorola DROID Maxx,2013.0,83215.0,167.0,5.0,921600.0,2.0,2.0,1.7,2.0,10.0,3500.0,
Motorola DROID Mini,2013.0,66177.641,130.0,4.3,921600.0,2.0,2.0,1.7,2.0,10.0,2000.0,
Motorola RAZR D3 XT919,2013.0,69914.572,120.0,4.0,384000.0,2.0,2.0,1.2,1.0,8.0,2000.0,
Motorola RAZR D1,2013.0,71390.0,110.0,3.5,153600.0,2.0,1.0,1.0,1.0,5.0,1785.0,
Motorola RAZR i XT890,2012.0,61920.075000000004,126.0,4.3,518400.0,2.0,1.0,2.0,1.0,8.0,2000.0,
Motorola DROID RAZR MAXX HD,2012.0,83290.89300000003,157.0,4.7,921600.0,2.0,2.0,1.5,1.0,8.0,3300.0,
Motorola DROID RAZR HD,2012.0,75230.48400000003,146.0,4.7,921600.0,2.0,2.0,1.5,1.0,8.0,2530.0,
Motorola RAZR HD XT925,2012.0,75230.48400000003,146.0,4.7,921600.0,2.0,2.0,1.5,1.0,8.0,2500.0,
Motorola DROID RAZR M,2012.0,61920.075000000004,126.0,4.3,518400.0,2.0,2.0,1.5,1.0,8.0,2000.0,
Motorola RAZR M XT905,2012.0,61920.075000000004,126.0,4.3,518400.0,2.0,2.0,1.5,1.0,8.0,2000.0,
Motorola DEFY XT XT556,2012.0,80730.0,130.0,3.7,409920.0,2.0,1.0,1.0,1.0,5.0,1650.0,
Motorola Electrify 2 XT881,2012.0,71024.52,130.0,4.3,518400.0,2.0,2.0,1.2,1.0,8.0,1780.0,
Motorola Photon Q 4G LTE XT897,2012.0,114381.29999999999,170.1,4.3,518400.0,2.0,2.0,1.5,1.0,8.0,1785.0,
Motorola ATRIX HD MB886,2012.0,78385.86000000002,140.0,4.5,921600.0,2.0,2.0,1.5,1.0,8.0,1780.0,
Motorola XT760,2012.0,76538.88,125.0,4.0,518400.0,2.0,2.0,1.0,2.0,8.0,1650.0,
Motorola ATRIX TV XT682,2012.0,71754.20999999999,129.7,4.0,409920.0,2.0,1.0,1.0,0.512,8.0,1700.0,
Motorola Motosmart Me XT303,2012.0,77754.6,107.0,3.2,153600.0,2.0,1.0,0.8,0.512,2.0,1500.0,
Motorola RAZR V XT885,2012.0,71024.52,125.0,4.3,518400.0,2.0,2.0,1.2,1.0,8.0,1750.0,
Motorola RAZR V XT889,2012.0,71024.52,125.0,4.3,518400.0,2.0,2.0,1.2,1.0,8.0,1780.0,
Motorola Motosmart Flip XT611,2012.0,89446.5,110.0,3.2,153600.0,2.0,1.0,0.8,0.512,5.0,1540.0,
Motorola RAZR MAXX,2012.0,81047.06999999999,145.0,4.3,518400.0,2.0,2.0,1.2,1.0,8.0,3300.0,
Motorola DEFY XT535,2012.0,80730.0,115.0,3.7,409920.0,2.0,1.0,1.0,1.0,5.0,1650.0,
Motorola DROID 4 XT894,2012.0,108548.17,178.9,4.0,518400.0,2.0,2.0,1.2,1.0,8.0,1785.0,
Motorola DROID RAZR MAXX,2012.0,81047.06999999999,145.0,4.3,518400.0,2.0,2.0,1.2,1.0,8.0,3300.0,
Motorola Motoluxe MT680,2012.0,76805.04,136.0,4.0,384000.0,2.0,1.0,1.0,0.512,5.0,1390.0,
Motorola Motoluxe,2012.0,70496.41500000001,123.6,4.0,409920.0,2.0,1.0,0.8,0.512,8.0,1400.0,
Motorola Defy Mini XT320,2012.0,80343.9,107.0,3.2,153600.0,2.0,1.0,0.6,0.512,3.0,1650.0,
Motorola XT319,2011.0,87850.40000000001,109.0,3.2,153600.0,2.0,1.0,0.8,0.512,3.0,1390.0,
Motorola DROID XYBOARD 10.1 MZ617,2011.0,397044.03199999995,599.0,10.1,1024000.0,2.0,2.0,1.2,1.0,5.0,7000.0,
Motorola XT532,2011.0,84816.0,115.0,3.5,153600.0,2.0,1.0,0.8,0.512,5.0,1500.0,
Motorola MOTO XT615,2011.0,70496.41500000001,123.6,4.0,409920.0,2.0,1.0,0.8,0.512,8.0,1390.0,
Motorola XOOM 2 Media Edition 3G MZ608,2011.0,270216.0,386.0,8.2,1024000.0,2.0,2.0,1.2,1.0,5.0,3960.0,
Motorola XOOM 2 Media Edition MZ607,2011.0,270216.0,386.0,8.2,1024000.0,2.0,2.0,1.2,1.0,5.0,3960.0,
Motorola XOOM 2 3G MZ616,2011.0,387877.95200000005,599.0,10.1,1024000.0,2.0,2.0,1.2,1.0,5.0,7000.0,
Motorola XOOM 2 MZ615,2011.0,387877.95200000005,599.0,10.1,1024000.0,2.0,2.0,1.2,1.0,5.0,7000.0,
Motorola RAZR XT910,2011.0,63937.132999999994,127.0,4.3,518400.0,2.0,2.0,1.2,1.0,8.0,1780.0,
Motorola DROID RAZR XT912,2011.0,63937.132999999994,127.0,4.3,518400.0,2.0,2.0,1.2,1.0,8.0,1780.0,
Motorola ATRIX 2 MB865,2011.0,83160.0,147.0,4.3,518400.0,2.0,2.0,1.2,1.0,8.0,1785.0,
Motorola Admiral XT603,2011.0,90011.59999999999,134.0,3.1,307200.0,2.0,1.0,1.2,0.512,5.0,1860.0,
Motorola PRO+,2011.0,86685.29999999999,113.0,3.1,307200.0,2.0,1.0,1.0,0.512,5.0,1600.0,
Motorola DEFY+,2011.0,84594.2,118.0,3.7,409920.0,2.0,1.0,1.0,0.512,5.0,1700.0,
Motorola FIRE XT,2011.0,84816.0,84.3,3.5,153600.0,2.0,1.0,0.8,0.512,5.0,1540.0,
Motorola FIRE XT311,2011.0,91219.5,110.0,2.8,76800.0,2.0,1.0,0.6,0.512,3.0,1420.0,
Motorola SPICE Key XT317,2011.0,91219.5,110.0,2.8,76800.0,2.0,1.0,0.6,0.512,3.0,1420.0,
Motorola SPICE Key,2011.0,91219.5,110.0,2.8,76800.0,2.0,1.0,0.6,0.512,3.0,1420.0,
Motorola MILESTONE 3 XT860,2011.0,101955.53699999998,184.0,4.0,518400.0,2.0,2.0,1.0,0.512,8.0,1540.0,
Motorola DROID 3,2011.0,103168.0,167.0,4.0,518400.0,2.0,2.0,1.0,0.512,8.0,1540.0,
Motorola Triumph,2011.0,78954.63,143.0,4.1,384000.0,2.0,1.0,1.0,0.512,5.0,1400.0,
Motorola Photon 4G MB855,2011.0,103573.242,158.0,4.3,518400.0,2.0,2.0,1.0,1.0,8.0,1700.0,
Motorola MOTO MT870,2011.0,105209.27999999998,149.0,4.0,518400.0,2.0,2.0,1.0,0.512,8.0,1880.0,
Motorola MOTO MT620,2011.0,90768.0,125.0,3.1,153600.0,2.0,1.0,0.806,0.512,5.0,1390.0,
Motorola Milestone XT883,2011.0,101955.53699999998,184.0,4.0,518400.0,2.0,2.0,1.0,0.512,8.0,1500.0,
Motorola MOTO XT882,2011.0,99969.375,136.5,4.0,518400.0,2.0,2.0,1.0,0.512,8.0,1880.0,
Motorola MOTO XT316,2011.0,91219.5,110.0,2.8,76800.0,2.0,1.0,0.6,0.512,3.0,1420.0,
Motorola ATRIX,2011.0,82283.3,135.0,4.0,518400.0,2.0,2.0,1.0,1.0,5.0,1930.0,
Motorola ATRIX 4G,2011.0,82283.3,135.0,4.0,518400.0,2.0,2.0,1.0,1.0,5.0,1930.0,
Motorola Cliq 2,2011.0,100247.20000000001,175.0,3.7,409920.0,2.0,1.0,1.0,0.512,5.0,1420.0,
Motorola DROID BIONIC XT875,2011.0,93827.25,158.8,4.3,518400.0,2.0,2.0,1.0,1.0,8.0,1735.0,
Motorola DROID X ME811,2011.0,82677.375,155.0,4.3,409920.0,2.0,1.0,1.2,1.0,8.0,1540.0,
Motorola DROID BIONIC XT865,2011.0,112022.04300000002,158.0,4.3,518400.0,2.0,2.0,1.0,0.512,8.0,1930.0,
Motorola MOTO ME525,2010.0,84594.2,118.0,3.7,409920.0,2.0,1.0,0.8,0.512,5.0,1500.0,
Motorola MILESTONE 2 ME722,2010.0,96395.25499999999,169.0,3.7,409920.0,2.0,1.0,1.0,0.512,5.0,1390.0,
Motorola DROID 2 Global,2010.0,96395.25499999999,173.0,3.7,409920.0,2.0,1.0,1.2,0.512,5.0,1420.0,
Motorola DROID PRO XT610,2010.0,83538.0,134.0,3.1,153600.0,2.0,1.0,1.0,0.512,5.0,1420.0,
Motorola XT301,2010.0,92040.0,110.0,3.0,76800.0,2.0,1.0,0.528,0.256,3.0,1170.0,
Motorola SPICE XT300,2010.0,99405.6,145.0,3.0,76800.0,2.0,1.0,0.528,0.256,3.0,1170.0,
Motorola MOTO MT716,2010.0,113330.79999999999,182.0,3.7,409920.0,2.0,1.0,0.6,0.512,8.0,1380.0,
Motorola BRAVO MB520,2010.0,91750.05,122.0,3.7,409920.0,2.0,1.0,0.8,0.512,3.0,1540.0,
Motorola CITRUS WX445,2010.0,92040.0,110.0,3.0,76800.0,2.0,1.0,0.528,0.256,3.0,1150.0,
Motorola DEFY,2010.0,84594.2,118.0,3.7,409920.0,2.0,1.0,0.8,0.512,5.0,1540.0,
Motorola MT810lx,2010.0,109094.12999999999,173.0,3.2,409920.0,2.0,1.0,0.6,0.512,5.0,1140.0,
Motorola XT806,2010.0,116515.98000000001,165.0,3.2,409920.0,2.0,1.0,0.6,0.512,5.0,1380.0,
Motorola DROID X2,2011.0,82677.375,155.0,4.3,518400.0,2.0,2.0,1.0,0.512,8.0,1540.0,
Motorola DROID X,2010.0,82677.375,155.0,4.3,409920.0,2.0,1.0,1.0,0.512,8.0,1540.0,
Motorola MILESTONE XT720,2010.0,77001.95999999999,139.0,3.7,409920.0,2.0,1.0,0.6,0.256,8.0,1390.0,
Motorola XT720 MOTOROI,2010.0,77001.95999999999,139.0,3.7,409920.0,2.0,1.0,0.72,0.256,8.0,1390.0,
Motorola Quench XT5 XT502,2010.0,82231.632,114.0,3.2,153600.0,2.0,1.0,0.6,0.512,5.0,1270.0,
Motorola Quench XT3 XT502,2010.0,82231.632,114.0,3.2,153600.0,2.0,1.0,0.6,0.512,3.0,1270.0,
Motorola FlipOut,2010.0,76313.0,120.0,2.8,76800.0,2.0,1.0,0.6,0.512,3.0,1130.0,
Motorola QUENCH,2010.0,86899.2,130.0,3.1,153600.0,2.0,1.0,0.528,0.256,5.0,1420.0,
Motorola BACKFLIP,2010.0,87577.2,133.0,3.1,153600.0,2.0,1.0,0.528,0.512,5.0,1400.0,
Huawei Ascend Y520,2014.0,91712.27999999998,150.0,4.5,409920.0,2.0,2.0,1.3,0.512,5.0,1750.0,
Huawei Ascend Y221,2014.0,86836.77000000002,130.0,3.5,153600.0,2.0,2.0,1.0,0.512,2.0,1350.0,
Huawei Ascend GX1,2014.0,125161.4,173.0,6.0,921600.0,2.0,4.0,1.2,1.0,8.0,3500.0,
Huawei Honor 6 Plus,2014.0,85446.375,165.0,5.5,2073600.0,2.0,4.0,15.0,3.0,8.0,3600.0,
Huawei Honor 4X,2014.0,102693.756,165.0,5.5,921600.0,2.0,4.0,1.2,2.0,13.0,3000.0,
Huawei Honor Holly,2014.0,96641.96399999999,156.0,5.0,921600.0,2.0,4.0,1.3,1.0,8.0,2000.0,
Huawei Honor Tablet,2014.0,212459.598,360.0,8.0,1024000.0,2.0,4.0,1.2,1.0,5.0,4800.0,
Huawei Ascend G620s,2014.0,87454.8,160.0,5.0,921600.0,2.0,4.0,1.2,1.0,8.0,2000.0,
Huawei Ascend Y550,2014.0,85918.0,153.0,4.5,409920.0,2.0,4.0,1.2,1.0,5.0,2000.0,
Huawei Ascend G7,2014.0,90178.18,165.0,5.5,921600.0,2.0,4.0,1.2,2.0,13.0,3000.0,
Huawei Ascend P7 Sapphire Edition,2014.0,62518.56,124.0,5.0,2073600.0,2.0,4.0,1.8,2.0,13.0,2500.0,
Huawei Ascend Mate7,2014.0,100464.3,185.0,6.0,2073600.0,2.0,4.0,1.8,2.0,13.0,4100.0,
Huawei Honor 3C Play,2014.0,96641.96399999999,156.0,5.0,921600.0,2.0,4.0,1.3,1.0,8.0,2000.0,
Huawei Honor 6,2014.0,72975.90000000001,130.0,5.0,2073600.0,2.0,4.0,1.7,3.0,13.0,3100.0,
Huawei Honor 3C 4G,2014.0,91634.76000000001,140.0,5.0,921600.0,2.0,4.0,1.6,1.0,8.0,2300.0,
Huawei Ascend G535,2014.0,67578.97,145.0,4.5,518400.0,2.0,4.0,1.2,1.0,5.0,2000.0,
Huawei Ascend G630,2014.0,79974.18000000001,160.0,5.0,921600.0,2.0,4.0,1.2,1.0,8.0,2000.0,
Huawei Ascend Y330,2014.0,87612.855,126.0,4.0,384000.0,2.0,2.0,1.3,0.512,3.0,1500.0,
Huawei Ascend P7,2014.0,62518.56,124.0,5.0,2073600.0,2.0,4.0,1.8,2.0,13.0,2500.0,
Huawei Ascend P7 mini,2014.0,66825.408,115.0,4.5,518400.0,2.0,4.0,1.2,1.0,8.0,2000.0,
Huawei Ascend G730,2014.0,111945.59999999999,180.0,5.5,518400.0,2.0,4.0,1.3,1.0,5.0,2300.0,
Huawei Ascend Y600,2014.0,116264.70000000001,180.0,5.0,409920.0,2.0,2.0,1.3,0.512,5.0,2100.0,
Huawei MediaPad 10 Link+,2014.0,448238.93399999995,620.0,10.1,1024000.0,2.0,4.0,1.6,1.0,3.0,6600.0,
Huawei Ascend G6 4G,2014.0,67682.144,115.0,4.5,518400.0,2.0,4.0,1.2,1.0,8.0,2000.0,
Huawei Ascend G6,2014.0,63375.0,115.0,4.5,518400.0,2.0,4.0,1.2,1.0,8.0,2000.0,
Huawei MediaPad M1,2014.0,204436.83200000002,329.0,8.0,1024000.0,2.0,4.0,1.6,1.0,5.0,4800.0,
Huawei MediaPad X1,2014.0,137272.68000000002,239.0,7.0,2304000.0,2.0,4.0,1.6,2.0,13.0,5000.0,
Huawei Ascend Y530,2014.0,82560.75,145.0,4.5,409920.0,2.0,2.0,1.2,0.512,5.0,1750.0,
Huawei MediaPad 7 Youth2,2014.0,230907.996,350.0,7.0,614400.0,2.0,4.0,1.2,1.0,3.0,4100.0,
Huawei Ascend P6 S,2014.0,56454.45,120.0,4.7,921600.0,2.0,4.0,1.6,2.0,8.0,2000.0,
Huawei Ascend Y320,2013.0,86497.416,123.0,4.0,384000.0,2.0,2.0,1.3,0.512,2.0,1350.0,
Huawei Honor 3X G750,2013.0,102984.57,162.0,5.5,921600.0,2.0,8.0,1.7,2.0,13.0,3000.0,
Huawei Honor 3C,2013.0,91634.76000000001,140.0,5.0,921600.0,2.0,4.0,1.3,2.0,8.0,2300.0,
Huawei Ascend G740,2013.0,92760.52500000001,150.0,5.0,921600.0,2.0,2.0,1.2,1.0,8.0,2400.0,
Huawei Ascend Y511,2013.0,93982.56000000001,150.0,4.5,409920.0,2.0,2.0,1.3,0.512,3.0,1730.0,
Huawei Honor 3,2013.0,88482.24,138.0,4.7,921600.0,2.0,4.0,1.5,2.0,13.0,2150.0,
Huawei Ascend G700,2013.0,93366.0,155.0,5.0,921600.0,2.0,4.0,1.2,2.0,8.0,2150.0,
Huawei G610s,2013.0,103466.87999999999,170.0,5.0,518400.0,2.0,4.0,1.2,1.0,5.0,2150.0,
Huawei Ascend G525,2013.0,88616.87999999999,155.0,4.5,518400.0,2.0,4.0,1.2,1.0,5.0,1700.0,
Huawei MediaPad 7 Youth,2013.0,230907.996,350.0,7.0,614400.0,2.0,2.0,1.6,1.0,3.0,4100.0,
Huawei MediaPad 7 Vogue,2013.0,223325.43000000002,335.0,7.0,614400.0,2.0,4.0,1.2,1.0,3.0,4100.0,
Huawei Ascend P6,2013.0,53889.469999999994,120.0,4.7,921600.0,2.0,4.0,1.5,2.0,8.0,2000.0,
Huawei Ascend Y300,2013.0,88962.71999999999,130.0,4.0,384000.0,2.0,2.0,1.0,0.512,5.0,1730.0,
Huawei Premia 4G M931,2013.0,98841.95999999999,140.0,4.0,384000.0,2.0,2.0,1.5,1.0,5.0,1650.0,
Huawei Ascend P2,2013.0,76310.136,122.0,4.7,921600.0,2.0,4.0,1.5,1.0,13.0,2420.0,
Huawei Ascend G615,2013.0,94972.5,145.0,4.5,921600.0,2.0,4.0,1.4,1.0,8.0,2150.0,
Huawei Ascend G526,2013.0,89879.625,150.0,4.5,518400.0,2.0,4.0,1.2,1.0,5.0,1950.0,
Huawei Ascend G350,2013.0,97956.48000000001,140.0,4.0,384000.0,2.0,2.0,1.0,0.512,5.0,1730.0,
Huawei Ascend G312,2012.0,80390.625,140.0,4.0,384000.0,2.0,1.0,1.4,1.0,5.0,1500.0,
Huawei Ascend Mate,2013.0,138718.30500000002,198.0,6.1,921600.0,2.0,4.0,1.5,2.0,8.0,4050.0,
Huawei Ascend D2,2013.0,93436.0,170.0,5.0,2073600.0,2.0,4.0,1.5,2.0,13.0,3000.0,
Huawei Ascend G510,2013.0,88882.2,150.0,4.5,409920.0,2.0,2.0,1.2,0.512,5.0,1700.0,
Huawei Ascend G500,2012.0,92950.0,156.0,4.3,518400.0,2.0,2.0,1.0,1.0,5.0,1930.0,
Huawei Ascend Y201 Pro,2012.0,84187.34999999999,125.0,3.5,153600.0,2.0,1.0,0.8,0.512,3.0,1400.0,
Huawei MediaPad 10 Link,2013.0,448238.93399999995,620.0,10.1,1024000.0,2.0,4.0,1.2,1.0,3.0,6600.0,
Huawei Honor 2,2012.0,94972.5,145.0,4.5,921600.0,2.0,4.0,1.4,2.0,8.0,2230.0,
Huawei Ascend Y,2012.0,83360.16,125.0,3.5,153600.0,2.0,1.0,0.8,0.12,3.0,1400.0,
Huawei Summit,2012.0,84624.324,125.0,3.5,153600.0,2.0,1.0,0.6,0.512,3.0,1400.0,
Huawei Ascend P1 LTE,2012.0,85788.45,135.0,4.3,518400.0,2.0,2.0,1.5,1.0,8.0,2000.0,
Huawei Fusion 2 U8665,2012.0,82646.45999999999,124.2,3.5,153600.0,2.0,1.0,0.8,0.512,3.0,1400.0,
Huawei Ascend G600,2012.0,94972.5,145.0,4.5,518400.0,2.0,2.0,1.2,0.768,8.0,1930.0,
Huawei Ascend G330,2012.0,85887.2,130.0,4.0,384000.0,2.0,2.0,1.0,0.512,5.0,1500.0,
Huawei Ascend Y100,2012.0,65007.6,100.0,2.8,76800.0,2.0,1.0,0.8,0.512,3.0,1050.0,
Huawei Ascend Y200,2012.0,82610.89199999999,120.0,3.5,153600.0,2.0,1.0,0.8,0.512,3.0,1250.0,
Huawei Ascend G330D U8825D,2012.0,87417.594,140.0,4.0,384000.0,2.0,2.0,1.0,0.512,5.0,1550.0,
Huawei Ascend G300,2012.0,81033.75,140.0,4.0,384000.0,2.0,1.0,1.0,0.512,5.0,1350.0,
Huawei Ascend P1,2012.0,63567.50400000001,110.0,4.3,518400.0,2.0,2.0,1.5,4.0,8.0,1670.0,
Huawei Activa 4G,2012.0,79629.4,140.0,3.5,153600.0,2.0,1.0,0.8,0.512,5.0,1880.0,
Huawei MediaPad 10 FHD,2012.0,398434.608,580.0,10.0,2304000.0,2.0,4.0,1.2,2.0,8.0,6600.0,
Huawei Ascend D1 XL U9500E,2012.0,75031.539,132.0,4.5,921600.0,2.0,2.0,1.5,1.0,8.0,2600.0,
Huawei Ascend D1,2012.0,73478.40000000001,132.0,4.5,921600.0,2.0,2.0,1.5,1.0,8.0,1800.0,
Huawei Ascend D quad XL,2012.0,89990.40000000001,150.0,4.5,921600.0,2.0,4.0,1.4,1.0,8.0,2600.0,
Huawei Ascend P1s,2012.0,55311.984000000004,130.0,4.3,518400.0,2.0,2.0,1.5,4.0,8.0,1800.0,
Huawei M886 Mercury,2011.0,96746.0,139.0,4.0,409920.0,2.0,1.0,1.4,0.512,8.0,1900.0,
Huawei MediaPad,2011.0,247380.0,390.0,7.0,1024000.0,2.0,2.0,1.2,8.0,5.0,4100.0,
Huawei MediaPad S7-301w,2011.0,247380.0,390.0,7.0,1024000.0,2.0,2.0,1.2,8.0,5.0,4100.0,
Huawei U8520 Duplex,2011.0,81076.79999999999,109.0,3.2,153600.0,2.0,1.0,0.6,0.512,3.0,1500.0,
Huawei T8300,2011.0,69608.0,104.0,3.2,153600.0,2.0,1.0,0.8,0.512,3.0,1200.0,
Huawei U8350 Boulder,2011.0,71497.8,105.0,2.6,76800.0,2.0,1.0,0.528,0.256,3.0,1200.0,
Huawei U8860 Honor,2011.0,81862.0,140.0,4.0,409920.0,2.0,1.0,1.4,0.512,8.0,1930.0,
Huawei U8850 Vision,2011.0,69975.18000000001,121.0,3.7,384000.0,2.0,1.0,1.0,0.512,5.0,1400.0,
Huawei Ascend II,2011.0,92781.0,120.0,3.5,153600.0,2.0,1.0,0.6,0.256,5.0,1400.0,
Huawei U8800 Pro,2011.0,86304.0,130.0,3.8,384000.0,2.0,1.0,1.0,0.512,5.0,1500.0,
Huawei U8180 IDEOS X1,2011.0,75712.0,100.0,2.8,76800.0,2.0,1.0,0.528,0.256,3.0,1200.0,
Huawei IDEOS S7 Slim,2011.0,273750.0,440.0,7.0,384000.0,2.0,1.0,1.0,0.512,3.0,3250.0,
Huawei U9000 IDEOS X6,2010.0,80520.0,143.0,4.1,384000.0,2.0,1.0,1.0,0.512,5.0,1400.0,
Huawei U8800 IDEOS X5,2010.0,86304.0,130.0,3.8,384000.0,2.0,1.0,0.8,0.512,5.0,1500.0,
Huawei U8510 IDEOS X3,2011.0,69608.0,104.0,3.2,153600.0,2.0,1.0,0.6,0.256,3.0,1200.0,
Huawei U8150 IDEOS,2010.0,76939.2,102.1,2.8,76800.0,2.0,1.0,0.528,0.256,3.0,1200.0,
Huawei U8500 IDEOS X2,2010.0,83148.8,115.0,3.2,153600.0,2.0,1.0,0.528,0.256,3.0,1150.0,
Huawei IDEOS S7,2010.0,349866.0,500.0,7.0,384000.0,2.0,1.0,1.0,0.256,2.0,2200.0,
Lenovo A7000,2015.0,93024.96,140.0,5.5,921600.0,2.0,8.0,1.5,2.0,8.0,2900.0,
Lenovo Tab 2 A10-70,2015.0,375909.3,509.0,10.1,2073600.0,2.0,4.0,1.5,2.0,8.0,7000.0,
Lenovo Tab 2 A8,2015.0,233625.0,360.0,8.0,921600.0,2.0,4.0,1.3,1.0,5.0,4290.0,
Lenovo P70,2015.0,90740.84000000001,149.0,5.0,921600.0,2.0,8.0,1.7,2.0,13.0,4000.0,
Lenovo Tab 2 A7-30,2015.0,176496.345,268.0,7.0,614400.0,2.0,4.0,1.3,1.0,2.0,3450.0,
Lenovo A6000,2015.0,80934.0,128.0,5.0,921600.0,2.0,4.0,1.2,1.0,8.0,2300.0,
Lenovo P90,2015.0,98685.0,156.0,5.5,2073600.0,2.0,4.0,1.83,2.0,13.0,4000.0,
Lenovo Vibe X2 Pro,2015.0,72711.1,140.0,5.3,2073600.0,2.0,4.0,1.5,2.0,13.0,2410.0,
Lenovo K3,2014.0,78529.95,128.0,5.0,921600.0,2.0,4.0,1.2,1.0,8.0,2300.0,
Lenovo A916,2014.0,99629.78999999998,173.0,5.5,921600.0,2.0,8.0,1.4,1.0,13.0,2500.0,
Lenovo A319,2014.0,80368.85999999999,130.0,4.0,384000.0,2.0,2.0,1.3,0.512,5.0,1500.0,
Lenovo S856,2014.0,105730.2,175.0,5.5,921600.0,2.0,4.0,1.2,1.0,8.0,2500.0,
Lenovo S580,2014.0,79153.36200000001,129.0,5.0,921600.0,2.0,4.0,1.2,1.0,8.0,2150.0,
Lenovo S90 Sisley,2014.0,72230.58,129.0,5.0,921600.0,2.0,4.0,1.2,1.0,13.0,2300.0,
Lenovo A606,2014.0,94255.98000000001,170.0,5.0,409920.0,2.0,4.0,1.3,1.0,8.0,2000.0,
Lenovo Yoga Tablet 2 8.0,2014.0,219030.0,419.0,8.0,2304000.0,2.0,4.0,1.33,2.0,8.0,6400.0,
Lenovo Tab S8,2014.0,205188.59600000002,299.0,8.0,2304000.0,2.0,4.0,1.86,2.0,8.0,4290.0,
Lenovo Vibe X2,2014.0,70209.35599999999,120.0,5.0,2073600.0,2.0,4.0,2.0,2.0,13.0,2300.0,
Lenovo Vibe Z2,2014.0,88494.12000000001,158.0,5.5,921600.0,2.0,4.0,1.2,2.0,13.0,3000.0,
Lenovo A850+,2014.0,102795.0,161.0,5.5,518400.0,2.0,8.0,1.4,1.0,5.0,2500.0,
Lenovo Vibe Z2 Pro,2014.0,97657.56,179.0,6.0,3686400.0,2.0,4.0,2.5,3.0,16.0,4000.0,
Lenovo Golden Warrior A8,2014.0,89526.59999999999,180.0,5.0,921600.0,2.0,8.0,1.7,2.0,13.0,2500.0,
Lenovo Golden Warrior S8,2014.0,88465.78000000001,146.0,5.3,921600.0,2.0,8.0,1.4,1.0,13.0,2000.0,
Lenovo S939,2014.0,116197.2,171.5,6.0,921600.0,2.0,8.0,1.7,1.0,8.0,3000.0,
Lenovo S750,2014.0,91149.3,145.0,4.5,518400.0,2.0,4.0,1.2,1.0,8.0,2000.0,
Lenovo A889,2014.0,126050.40000000001,192.0,6.0,518400.0,2.0,4.0,1.3,1.0,8.0,2500.0,
Lenovo A680,2014.0,115101.00000000001,165.0,5.0,409920.0,2.0,4.0,1.3,1.0,5.0,2000.0,
Lenovo A316i,2014.0,90639.9,121.0,4.0,384000.0,2.0,2.0,1.3,0.512,2.0,1300.0,
Lenovo A536,2014.0,100511.99999999999,148.0,5.0,409920.0,2.0,4.0,1.3,1.0,5.0,2000.0,
Lenovo A526,2014.0,99047.51999999999,145.0,4.5,409920.0,2.0,4.0,1.3,1.0,5.0,2000.0,
Lenovo A10-70 A7600,2014.0,419522.85000000003,550.0,10.1,1024000.0,2.0,4.0,1.3,1.0,5.0,6340.0,
Lenovo A8-50 A5500,2014.0,262656.8,360.0,8.0,1024000.0,2.0,4.0,1.3,1.0,5.0,4200.0,
Lenovo A7-50 A3500,2014.0,237576.24000000002,320.0,7.0,1024000.0,2.0,4.0,1.3,1.0,5.0,3450.0,
Lenovo Yoga Tablet 10 HD+,2014.0,380538.0,615.0,10.1,2304000.0,2.0,4.0,1.6,2.0,8.0,9000.0,
Lenovo S860,2014.0,118568.45000000001,190.0,5.3,921600.0,2.0,4.0,1.3,2.0,8.0,4000.0,
Lenovo S850,2014.0,82090.2,140.0,5.0,921600.0,2.0,4.0,1.3,1.0,13.0,2000.0,
Lenovo S660,2014.0,94256.0,151.0,4.7,518400.0,2.0,4.0,1.3,1.0,8.0,3000.0,
Lenovo A880,2014.0,130252.08000000002,196.0,6.0,518400.0,2.0,4.0,1.3,1.0,5.0,2500.0,
Lenovo A859,2014.0,94713.99999999999,163.3,5.0,921600.0,2.0,4.0,1.3,1.0,8.0,2250.0,
Lenovo S930,2013.0,127933.49999999999,170.0,6.0,921600.0,2.0,4.0,1.3,1.0,8.0,3000.0,
Lenovo S650,2013.0,84765.12000000001,126.0,4.7,518400.0,2.0,4.0,1.3,1.0,8.0,2000.0,
Lenovo Vibe Z K910,2013.0,90697.53,145.2,5.5,2073600.0,2.0,4.0,2.2,2.0,13.0,3000.0,
Lenovo Yoga Tablet 10,2013.0,380538.0,605.0,10.1,1024000.0,2.0,4.0,1.2,1.0,5.0,9000.0,
Lenovo Yoga Tablet 8,2013.0,223905.6,401.0,8.0,1024000.0,2.0,4.0,1.2,1.0,5.0,6000.0,
Lenovo A630,2013.0,86460.0,159.0,4.5,409920.0,2.0,2.0,1.0,0.512,3.0,2500.0,
Lenovo A516,2013.0,87163.56,146.0,4.5,409920.0,2.0,2.0,1.3,0.512,5.0,2000.0,
Lenovo Vibe X S960,2013.0,73526.40000000001,121.0,5.0,2073600.0,2.0,4.0,1.5,2.0,13.0,2000.0,
Lenovo S5000,2013.0,169103.03999999998,244.9,7.0,1024000.0,2.0,4.0,1.2,1.0,5.0,3450.0,
Lenovo A850,2013.0,115639.22499999999,184.0,5.5,518400.0,2.0,4.0,1.3,1.0,5.0,2250.0,
Lenovo A706,2013.0,97593.6,130.0,4.5,409920.0,2.0,4.0,1.2,1.0,5.0,2000.0,
Lenovo P780,2013.0,104390.0,176.0,5.0,921600.0,2.0,4.0,1.2,1.0,8.0,4000.0,
Lenovo S820,2013.0,87508.34999999999,143.0,4.7,921600.0,2.0,4.0,1.2,1.0,12.0,2000.0,
Lenovo A369i,2013.0,92851.2,120.0,4.0,384000.0,2.0,2.0,1.3,0.512,2.0,1500.0,
Lenovo S920,2013.0,94529.82,159.0,5.3,921600.0,2.0,4.0,1.2,1.0,8.0,2250.0,
Lenovo IdeaTab S6000H,2013.0,402480.0,560.0,10.1,1024000.0,2.0,4.0,1.2,1.0,5.0,6350.0,
Lenovo IdeaTab S6000F,2013.0,402480.0,560.0,10.1,1024000.0,2.0,4.0,1.2,1.0,5.0,6350.0,
Lenovo IdeaTab S6000,2013.0,355039.54800000007,562.5,10.1,1024000.0,2.0,4.0,1.2,1.0,5.0,6350.0,
Lenovo IdeaTab A3000,2013.0,256080.0,339.0,7.0,614400.0,2.0,4.0,1.2,1.0,5.0,3500.0,
Lenovo IdeaTab A1000,2013.0,257645.3,340.0,7.0,614400.0,2.0,2.0,1.2,1.0,3.0,3500.0,
Lenovo K900,2013.0,84497.40000000001,162.0,5.5,2073600.0,2.0,2.0,2.0,2.0,13.0,2500.0,
Lenovo S890,2013.0,98678.58000000002,176.0,5.0,518400.0,2.0,2.0,1.2,1.0,8.0,2250.0,
Lenovo IdeaTab A2107,2013.0,290211.25,400.0,7.0,614400.0,2.0,1.0,1.0,1.0,3.0,3550.0,
Lenovo A830,2013.0,100871.40000000001,165.4,5.0,518400.0,2.0,4.0,1.2,1.0,8.0,2250.0,
Lenovo A820,2013.0,91149.3,151.0,4.5,518400.0,2.0,4.0,1.2,1.0,8.0,2000.0,
Lenovo A800,2013.0,105778.72500000002,155.0,4.5,409920.0,2.0,2.0,1.2,0.512,5.0,2000.0,
Lenovo A789,2012.0,109291.248,154.8,4.0,384000.0,2.0,2.0,1.0,0.512,5.0,2000.0,
Lenovo A690,2013.0,88660.0,134.0,4.0,384000.0,2.0,1.0,1.0,0.512,3.0,1500.0,
Lenovo S720,2013.0,89457.291,140.0,4.5,518400.0,2.0,2.0,1.0,0.512,8.0,2000.0,
Lenovo P770,2012.0,106040.90000000001,161.0,4.5,518400.0,2.0,2.0,1.2,1.0,5.0,3500.0,
Lenovo S560,2012.0,96862.5,155.0,4.0,384000.0,2.0,2.0,1.0,0.512,5.0,2000.0,
Lenovo S880,2012.0,109652.40000000001,196.0,5.0,384000.0,2.0,1.0,1.0,0.512,5.0,2250.0,
Lenovo A660,2012.0,85312.5,138.0,4.0,384000.0,2.0,2.0,1.0,0.512,5.0,1500.0,
Lenovo K860,2012.0,102493.44000000002,193.5,5.0,921600.0,2.0,4.0,1.4,1.0,8.0,2250.0,
Lenovo P700i,2012.0,103856.128,162.0,4.0,384000.0,2.0,2.0,1.0,0.512,5.0,2500.0,
Lenovo LePhone S2,2012.0,79788.0,120.0,3.8,384000.0,2.0,2.0,1.4,512.0,8.0,1500.0,
Lenovo K800,2012.0,102207.6,161.0,4.5,921600.0,2.0,1.0,1.6,1.0,8.0,1900.0,
Lenovo LePad S2010,2011.0,482783.994,670.0,10.1,1024000.0,2.0,2.0,1.5,1.0,8.0,7560.0,
Lenovo LePad S2007,2011.0,247791.54399999997,357.0,7.0,1024000.0,2.0,2.0,1.5,1.0,8.0,3780.0,
Xiaomi Mi Note,2015.0,84250.31999999999,161.0,5.7,2073600.0,2.0,4.0,2.5,3.0,13.0,3000.0,
Xiaomi Redmi 2,2015.0,84645.12000000001,133.0,4.7,921600.0,2.0,4.0,1.2,1.0,8.0,2200.0,
Xiaomi Mi 4 LTE,2014.0,84863.28,149.0,5.0,2073600.0,2.0,4.0,2.5,3.0,13.0,3080.0,
Xiaomi Mi 4,2014.0,84863.28,149.0,5.0,2073600.0,2.0,4.0,2.5,3.0,13.0,3080.0,
Xiaomi Mi Pad 7.9,2014.0,232481.80000000002,360.0,7.9,3145728.0,2.0,4.0,2.2,2.0,8.0,6700.0,
Xiaomi Redmi Note,2014.0,115138.1,199.0,5.5,921600.0,2.0,8.0,1.4,1.0,13.0,3100.0,
Xiaomi Mi 3,2013.0,85847.04,145.0,5.0,2073600.0,2.0,4.0,2.3,2.0,13.0,3050.0,
Xiaomi Redmi 1S,2014.0,93584.7,158.0,4.7,921600.0,2.0,4.0,1.6,1.0,8.0,2000.0,
Xiaomi Redmi,2013.0,93584.7,158.0,4.7,921600.0,2.0,4.0,1.5,1.0,8.0,2000.0,
Xiaomi Mi 2A,2013.0,84022.75,133.0,4.5,921600.0,2.0,2.0,1.7,1.0,8.0,2030.0,
Xiaomi Mi 2S,2013.0,79682.4,145.0,4.3,921600.0,2.0,4.0,1.7,2.0,8.0,2000.0,
Xiaomi Mi 2,2012.0,79682.4,145.0,4.3,921600.0,2.0,4.0,1.5,2.0,8.0,2000.0,
Xiaomi Mi 1S,2012.0,93712.5,149.0,4.0,409920.0,2.0,2.0,1.7,1.0,8.0,1930.0,
Acer Liquid Z410,2015.0,89804.88,145.0,4.5,518400.0,2.0,4.0,1.5,1.0,5.0,2000.0,
Acer Liquid Jade S,2014.0,76962.59999999999,116.0,5.0,921600.0,2.0,8.0,1.5,2.0,13.0,2300.0,
Acer Liquid Z500,2014.0,93148.00000000001,150.0,5.0,921600.0,2.0,4.0,1.3,2.0,8.0,2000.0,
Acer Liquid X1,2014.0,104765.22000000002,164.0,5.7,921600.0,2.0,8.0,1.7,2.0,13.0,2700.0,
Acer Liquid Jade,2014.0,72708.75,110.0,5.0,921600.0,2.0,4.0,1.3,1.0,13.0,2100.0,
Acer Liquid E700,2014.0,106453.71000000002,155.0,5.0,921600.0,2.0,4.0,1.2,2.0,8.0,3500.0,
Acer Liquid E600,2014.0,100548.0,155.0,5.0,409920.0,2.0,4.0,1.2,2.0,8.0,2500.0,
Acer Liquid Z200,2014.0,84357.0,130.0,4.0,384000.0,2.0,2.0,1.0,0.512,2.0,1300.0,
Acer Iconia Tab 8 A1-840FHD,2014.0,237575.0,360.0,8.0,2304000.0,2.0,4.0,1.86,2.0,5.0,4600.0,
Acer Iconia A1-830,2014.0,230380.63999999998,380.0,7.9,786432.0,2.0,2.0,1.6,1.0,5.0,4000.0,
Acer Liquid Z5,2014.0,94109.40000000001,150.0,5.0,409920.0,2.0,2.0,1.3,0.512,5.0,2000.0,
Acer Liquid S2,2013.0,128782.8,229.0,6.0,2073600.0,2.0,4.0,2.2,2.0,13.0,3300.0,
Acer Liquid Z3,2013.0,68016.0,120.0,3.5,153600.0,2.0,2.0,1.0,0.512,3.0,1500.0,
Acer Liquid S1,2013.0,129878.4,195.0,5.7,921600.0,2.0,4.0,1.5,1.0,8.0,2400.0,
Acer Iconia Tab A3,2013.0,464099.99999999994,560.0,10.1,1024000.0,2.0,4.0,1.2,1.0,5.0,7300.0,
Acer Iconia Tab A1-811,2013.0,337524.24899999995,430.0,7.9,786432.0,2.0,4.0,1.2,1.0,5.0,4960.0,
Acer Iconia Tab A1-810,2013.0,337524.24899999995,410.0,7.9,786432.0,2.0,4.0,1.2,1.0,5.0,4960.0,
Acer Liquid E2,2013.0,88189.2,140.0,4.5,518400.0,2.0,4.0,1.2,1.0,8.0,2000.0,
Acer Liquid Z2,2013.0,84562.5,110.0,3.5,153600.0,2.0,1.0,1.0,0.512,3.0,1300.0,
Acer Liquid C1,2013.0,83381.5,140.0,4.3,518400.0,2.0,1.0,1.2,1.0,8.0,2000.0,
Acer Liquid E1,2013.0,89515.8,130.0,4.5,518400.0,2.0,2.0,1.0,1.0,5.0,1760.0,
Acer Iconia Tab B1-710,2013.0,325805.165,339.9,7.0,614400.0,2.0,2.0,1.2,1.0,3.0,2640.0,
Acer Iconia Tab A110,2012.0,278325.3,390.0,7.0,614400.0,2.0,4.0,1.2,1.0,2.0,3420.0,
Acer Liquid Z110,2012.0,83209.5,100.0,3.5,153600.0,2.0,1.0,1.0,0.512,3.0,1300.0,
Acer Liquid Gallant E350,2012.0,84160.89,145.0,4.3,518400.0,2.0,1.0,1.0,1.0,5.0,1500.0,
Acer Liquid Gallant Duo,2012.0,84160.89,145.0,4.3,518400.0,2.0,1.0,1.0,1.0,5.0,1500.0,
Acer Liquid Glow E330,2012.0,78711.75,125.0,3.7,384000.0,2.0,1.0,1.0,0.512,5.0,1300.0,
Acer Iconia Tab A210,2012.0,554126.8060000001,685.0,10.1,1024000.0,2.0,4.0,1.2,1.0,2.0,3260.0,
Acer Iconia Tab A200,2012.0,564200.0,700.0,10.1,1024000.0,2.0,2.0,1.0,1.0,2.0,3260.0,
Acer Iconia Tab A701,2012.0,495568.5,667.0,10.1,2304000.0,2.0,4.0,1.3,1.0,5.0,9800.0,
Acer Iconia Tab A700,2012.0,498575.0,665.0,10.1,2304000.0,2.0,4.0,1.3,1.0,5.0,9800.0,
Acer Iconia Tab A511,2012.0,500500.0,777.0,10.1,1024000.0,2.0,4.0,1.3,1.0,5.0,9800.0,
Acer Iconia Tab A510,2012.0,463286.3460000001,680.0,10.1,1024000.0,2.0,4.0,1.3,1.0,5.0,9800.0,
Acer Iconia Tab A501,2011.0,612066.0,777.0,10.1,1024000.0,2.0,2.0,1.0,1.0,5.0,3260.0,
Acer Iconia Smart,2011.0,124299.23999999999,185.0,4.8,491520.0,2.0,1.0,1.0,0.512,8.0,1500.0,
Acer Iconia Tab A500,2011.0,612066.0,730.0,10.1,1024000.0,2.0,2.0,1.0,1.0,5.0,3260.0,
Acer Iconia Tab A101,2011.0,298876.5,470.0,7.0,614400.0,2.0,2.0,1.0,1.0,5.0,1530.0,
Acer Iconia Tab A100,2011.0,298876.5,450.0,7.0,614400.0,2.0,2.0,1.0,1.0,5.0,1530.0,
Acer Liquid mini E310,2011.0,82524.0,108.0,3.2,153600.0,2.0,1.0,0.6,0.512,5.0,1300.0,
Acer beTouch E210,2011.0,87696.0,109.0,2.6,76800.0,2.0,1.0,0.6,0.512,3.0,1300.0,
Acer beTouch E140,2010.0,74638.08,95.0,2.8,76800.0,2.0,1.0,0.6,0.512,3.0,1300.0,
Acer Liquid mt,2010.0,97807.5,135.0,3.6,384000.0,2.0,1.0,0.8,0.512,5.0,1500.0,
Acer beTouch E130,2010.0,82656.25,109.0,2.6,76800.0,2.0,1.0,0.416,0.512,3.0,1500.0,
Acer Stream,2010.0,84319.2,140.0,3.7,384000.0,2.0,1.0,1.0,0.512,5.0,1400.0,
Acer Liquid E,2010.0,89843.75,135.0,3.5,384000.0,2.0,1.0,0.768,0.512,5.0,1350.0,
Acer beTouch E400,2010.0,81834.0,125.0,3.2,153600.0,2.0,1.0,0.6,0.512,3.0,1090.0,
Asus Zenfone C ZC451CG,2015.0,99685.95,150.0,4.5,409920.0,2.0,2.0,1.2,1.0,5.0,2100.0,
Asus Zenfone Zoom ZX550,2015.0,150255.84,185.0,5.5,2073600.0,2.0,4.0,2.3,2.0,13.0,3000.0,
Asus Zenfone 2 ZE551ML,2015.0,128325.7,170.0,5.5,2073600.0,2.0,4.0,2.3,2.0,13.0,3000.0,
Asus Pegasus,2014.0,105514.2,140.0,5.0,921600.0,2.0,8.0,1.5,2.0,8.0,2500.0,
Asus PadFone X mini,2014.0,111229.521,148.8,4.5,409920.0,2.0,2.0,1.6,1.0,5.0,2060.0,
Asus Zenfone 5 A500KL,2014.0,111126.288,145.0,5.0,921600.0,2.0,4.0,1.2,1.0,8.0,2110.0,
Asus Zenfone 4 A450CG,2014.0,104962.53600000002,134.0,4.5,409920.0,2.0,2.0,1.2,1.0,8.0,1750.0,
Asus PadFone X,2014.0,103965.0,150.0,5.0,2073600.0,2.0,4.0,2.3,2.0,13.0,2300.0,
Asus PadFone S,2014.0,103965.0,150.0,5.0,2073600.0,2.0,4.0,2.3,2.0,13.0,2300.0,
Asus PadFone Infinity Lite,2014.0,92976.52,145.0,5.0,2073600.0,2.0,4.0,1.7,2.0,13.0,2400.0,
Asus Zenfone 6 A601CG,2014.0,139289.733,196.0,6.0,921600.0,2.0,2.0,1.6,1.0,13.0,3230.0,
Asus Zenfone 6,2014.0,139289.733,196.0,6.0,921600.0,2.0,2.0,2.0,1.0,13.0,3300.0,
Asus Zenfone 5,2014.0,59339.28,145.0,5.0,921600.0,2.0,2.0,2.0,1.0,8.0,2110.0,
Asus Zenfone 4,2014.0,48120.407999999996,115.0,4.0,384000.0,2.0,2.0,1.2,1.0,5.0,1200.0,
Asus PadFone mini (Intel),2014.0,48120.407999999996,116.0,4.0,384000.0,2.0,2.0,1.6,1.0,8.0,1170.0,
Asus PadFone mini,2013.0,73794.09599999999,105.0,4.3,518400.0,2.0,4.0,1.4,1.0,8.0,1500.0,
Asus PadFone Infinity 2,2013.0,92976.52,145.0,5.0,2073600.0,2.0,4.0,2.2,2.0,13.0,2400.0,
Asus Memo Pad 10,2013.0,469324.8,522.0,10.1,1024000.0,2.0,4.0,1.6,1.0,2.0,5070.0,
Asus Memo Pad 8 ME180A,2013.0,270597.60000000003,350.0,8.0,1024000.0,2.0,4.0,1.6,1.0,5.0,3950.0,
Asus Fonepad 7,2013.0,247968.0,328.0,7.0,1024000.0,2.0,2.0,1.6,1.0,5.0,3950.0,
Asus Google Nexus 7 (2013),2013.0,198359.99999999997,290.0,7.0,2304000.0,2.0,4.0,1.5,2.0,5.0,3950.0,
Asus Fonepad Note FHD6,2013.0,150732.67200000002,210.0,6.0,2073600.0,2.0,2.0,2.0,2.0,8.0,3200.0,
Asus Fonepad,2013.0,245311.456,340.0,7.0,1024000.0,2.0,1.0,1.2,1.0,3.0,4270.0,
Asus PadFone Infinity,2013.0,92976.52,141.0,5.0,2073600.0,2.0,4.0,1.7,2.0,13.0,2400.0,
Asus Memo Pad ME172V,2013.0,261934.848,370.0,7.0,614400.0,2.0,1.0,1.0,1.0,1.0,4270.0,
Asus Google Nexus 7 Cellular,2012.0,250110.0,347.0,7.0,1024000.0,2.0,4.0,1.2,1.0,1.0,4325.0,
Asus PadFone 2,2012.0,85511.79000000001,135.0,4.7,921600.0,2.0,4.0,1.5,2.0,13.0,2140.0,
Asus Google Nexus 7,2012.0,250110.0,340.0,7.0,1024000.0,2.0,4.0,1.2,1.0,1.0,4325.0,
Asus Memo,2012.0,279396.0,389.0,7.0,1024000.0,2.0,2.0,1.2,1.0,5.0,4400.0,
Asus PadFone,2012.0,77015.04,129.0,4.3,518400.0,2.0,2.0,1.5,1.0,8.0,1520.0,
Alcatel Pixi 3 (8) 3G,2015.0,238427.19999999998,335.0,8.0,1024000.0,2.0,2.0,1.3,1.0,2.0,3240.0,
Alcatel Pixi 3 (7) LTE,2015.0,191534.8,260.0,7.0,614400.0,2.0,4.0,1.1,1.0,2.0,2820.0,
Alcatel Pixi 3 (7) 3G,2015.0,190908.9,260.0,7.0,614400.0,2.0,2.0,1.3,0.512,2.0,2820.0,
Alcatel Pixi 3 (7),2015.0,190908.9,260.0,7.0,614400.0,2.0,4.0,1.3,0.512,2.0,2820.0,
Alcatel POP 10,2015.0,283588.512,380.0,9.6,1024000.0,2.0,4.0,1.2,1.0,5.0,4600.0,
Alcatel Pop D3,2014.0,94755.584,114.0,4.0,384000.0,2.0,2.0,1.3,0.512,5.0,1400.0,
Alcatel Pop D1,2014.0,83476.8,101.0,3.5,153600.0,2.0,2.0,1.0,0.512,2.0,1300.0,
Alcatel Pop Icon,2014.0,100644.38999999998,149.0,5.0,518400.0,2.0,4.0,1.2,1.0,5.0,2000.0,
Alcatel Pop 2 (5),2014.0,97790.54999999999,170.0,5.0,409920.0,2.0,4.0,1.2,1.0,5.0,2500.0,
Alcatel Pop 2 (4.5) Dual SIM,2014.0,85788.45,147.0,4.5,409920.0,2.0,4.0,1.2,1.0,5.0,2000.0,
Alcatel Pop 2 (4.5),2014.0,86655.0,147.0,4.5,409920.0,2.0,4.0,1.2,1.0,5.0,2000.0,
Alcatel POP 8S,2014.0,192614.4,327.0,8.0,1024000.0,2.0,4.0,1.2,1.0,5.0,4100.0,
Alcatel Hero 8,2014.0,186135.4,310.0,8.0,2304000.0,2.0,8.0,2.0,2.0,5.0,4060.0,
Alcatel Hero 2,2014.0,103464.72,175.0,6.0,2073600.0,2.0,8.0,2.0,2.0,13.0,3100.0,
Alcatel One Touch Pixi 2,2014.0,83700.0,100.0,3.5,153600.0,2.0,2.0,1.0,0.512,2.0,1300.0,
Alcatel Pop D5,2014.0,89967.5,150.0,4.5,409920.0,2.0,4.0,1.3,0.512,5.0,1800.0,
Alcatel Pop C2,2014.0,94281.6,116.0,4.0,384000.0,2.0,2.0,1.3,0.512,3.0,1300.0,
Alcatel POP 7S,2014.0,195264.0,279.0,7.0,614400.0,2.0,4.0,1.2,1.0,3.0,3240.0,
Alcatel Pop S9,2014.0,117876.41600000001,182.0,5.9,921600.0,2.0,4.0,1.2,1.0,8.0,3400.0,
Alcatel Pop S7,2014.0,95428.8,162.0,5.0,518400.0,2.0,4.0,1.3,1.0,5.0,3000.0,
Alcatel Pop S3,2014.0,78419.88,130.0,4.0,384000.0,2.0,4.0,1.2,1.0,5.0,2000.0,
Alcatel Idol 2 S,2014.0,71355.37500000001,126.0,5.0,921600.0,2.0,4.0,1.2,1.0,8.0,2150.0,
Alcatel Idol 2,2014.0,69496.0,128.0,5.0,518400.0,2.0,4.0,1.3,1.0,8.0,2000.0,
Alcatel Idol 2 Mini S,2014.0,69897.625,116.0,4.5,518400.0,2.0,4.0,1.2,1.0,8.0,2000.0,
Alcatel Idol 2 Mini,2014.0,64712.850000000006,110.0,4.5,518400.0,2.0,4.0,1.2,1.0,8.0,1700.0,
Alcatel Pop Fit,2014.0,65416.8,78.0,2.8,76800.0,2.0,2.0,1.0,0.512,2.0,1000.0,
Alcatel Idol X+,2014.0,76642.956,125.0,5.0,2073600.0,2.0,8.0,2.0,2.0,13.0,2500.0,
Alcatel Pop C9,2014.0,111173.75,189.0,5.5,518400.0,2.0,4.0,1.3,1.0,8.0,2500.0,
Alcatel POP 8,2014.0,203085.30000000002,325.0,8.0,1024000.0,2.0,4.0,1.3,1.0,2.0,4100.0,
Alcatel POP 7,2014.0,193094.4,285.0,7.0,614400.0,2.0,2.0,1.3,1.0,2.0,3240.0,
Alcatel One Touch Fierce,2013.0,78570.90000000001,130.0,4.5,518400.0,2.0,4.0,1.2,1.0,5.0,1800.0,
Alcatel One Touch Evolve,2013.0,91756.8,136.5,4.0,384000.0,2.0,1.0,1.0,0.512,5.0,1400.0,
Alcatel Pop C7,2013.0,100225.62,162.0,5.0,409920.0,2.0,4.0,1.3,0.512,5.0,1900.0,
Alcatel Pop C5,2013.0,102681.77500000001,157.0,4.5,409920.0,2.0,2.0,1.3,0.512,5.0,1800.0,
Alcatel Pop C3,2013.0,94281.6,110.0,4.0,384000.0,2.0,2.0,1.3,0.512,5.0,1300.0,
Alcatel Idol Alpha,2013.0,68931.0,117.4,4.7,921600.0,2.0,4.0,1.2,1.0,13.0,2000.0,
Alcatel One Touch Evo 8HD,2013.0,304695.0,415.0,8.0,786432.0,2.0,2.0,1.6,1.0,3.0,4160.0,
Alcatel Hero,2013.0,108588.34999999999,177.6,6.0,2073600.0,2.0,4.0,1.5,2.0,13.0,3400.0,
Alcatel Idol S,2013.0,65991.72,110.0,4.7,921600.0,2.0,2.0,1.2,1.0,8.0,2000.0,
Alcatel Idol Mini,2013.0,62253.58,96.0,4.3,409920.0,2.0,2.0,1.3,0.512,5.0,1700.0,
Alcatel One Touch Pixi,2013.0,87406.9,118.0,3.5,153600.0,2.0,1.0,1.0,0.256,2.0,1300.0,
Alcatel Idol X,2013.0,65391.3,130.0,5.0,2073600.0,2.0,4.0,1.5,2.0,13.0,2000.0,
Alcatel One Touch Star,2013.0,69532.704,119.5,4.0,384000.0,2.0,2.0,1.0,0.512,5.0,1500.0,
Alcatel One Touch Scribe Easy,2013.0,109869.76000000001,163.0,5.0,384000.0,2.0,2.0,1.2,0.512,5.0,2500.0,
Alcatel One Touch Tab 7 HD,2013.0,217262.5,350.0,7.0,1024000.0,2.0,2.0,1.6,1.0,2.0,3300.0,
Alcatel One Touch Idol Ultra,2013.0,59841.6,115.0,4.65,921600.0,2.0,2.0,1.2,1.0,8.0,1800.0,
Alcatel One Touch T'Pop,2013.0,87406.9,118.0,3.5,153600.0,2.0,1.0,1.0,0.256,2.0,1400.0,
Alcatel One Touch S'Pop,2013.0,85863.59999999999,122.0,3.5,153600.0,2.0,1.0,1.0,0.512,3.0,1400.0,
Alcatel One Touch M'Pop,2013.0,91756.8,136.5,4.0,384000.0,2.0,1.0,1.0,0.512,5.0,1400.0,
Alcatel One Touch X'Pop,2013.0,97097.2,139.0,4.5,518400.0,2.0,2.0,1.0,0.512,5.0,1800.0,
Alcatel One Touch Scribe HD-LTE,2013.0,93959.99999999999,135.0,5.0,921600.0,2.0,4.0,1.2,1.0,8.0,2500.0,
Alcatel One Touch Scribe HD,2013.0,91800.0,135.0,5.0,921600.0,2.0,4.0,1.2,1.0,8.0,2500.0,
Alcatel OT-983,2012.0,87306.25,136.0,3.5,153600.0,2.0,1.0,1.0,0.512,3.0,1300.0,
Alcatel OT-997D,2012.0,97090.40000000002,143.0,4.3,384000.0,2.0,2.0,1.0,1.0,8.0,1800.0,
Alcatel OT-997,2012.0,97090.40000000002,143.0,4.3,384000.0,2.0,2.0,1.0,1.0,8.0,1800.0,
Alcatel OT-988 Shockwave,2012.0,108413.58,155.0,3.5,153600.0,2.0,1.0,0.8,0.512,3.0,1400.0,
Alcatel OT-985,2012.0,89609.99999999999,136.0,3.5,153600.0,2.0,1.0,0.65,0.256,3.0,1300.0,
Alcatel OT-995,2012.0,85299.20000000001,124.0,4.3,384000.0,2.0,1.0,1.4,0.512,5.0,1500.0,
Alcatel OT-918,2011.0,79414.72,123.0,3.2,153600.0,2.0,1.0,0.65,0.512,3.0,1300.0,
Alcatel OT-918D,2011.0,79414.72,123.0,3.2,153600.0,2.0,1.0,0.65,0.256,3.0,1300.0,
ZTE Blade G Lux,2015.0,79279.2,135.0,4.5,409920.0,2.0,2.0,1.3,0.512,5.0,1850.0,
ZTE Blade G,2015.0,78400.0,120.0,4.0,384000.0,2.0,2.0,1.0,0.512,2.0,1200.0,
ZTE V5 Lux,2015.0,88821.0,165.0,5.0,921600.0,2.0,4.0,1.2,1.0,13.0,2400.0,
ZTE Blade S6,2015.0,78392.16,134.0,5.0,921600.0,2.0,4.0,1.7,2.0,13.0,2400.0,
ZTE Grand X Max+,2015.0,106417.029,171.8,6.0,921600.0,2.0,4.0,1.2,2.0,13.0,3200.0,
ZTE Star 2,2014.0,66990.44400000002,130.0,5.0,2073600.0,2.0,4.0,2.3,2.0,13.0,2400.0,
ZTE Grand X Plus Z826,2014.0,102585.024,150.0,5.0,921600.0,2.0,4.0,1.2,2.0,8.0,2300.0,
ZTE Speed,2014.0,90612.72,136.1,4.5,518400.0,2.0,4.0,1.2,1.0,5.0,2000.0,
ZTE Grand S II,2014.0,95503.1,120.0,5.5,2073600.0,2.0,4.0,2.2,2.0,13.0,2500.0,
ZTE Grand Xmax,2014.0,106417.029,171.8,6.0,921600.0,2.0,4.0,1.2,1.0,8.0,3200.0,
ZTE Zmax,2014.0,121270.332,189.9,5.7,921600.0,2.0,4.0,1.2,2.0,8.0,3400.0,
ZTE Kis 3 Max,2014.0,79279.2,135.0,4.5,409920.0,2.0,2.0,1.3,0.512,5.0,1850.0,
ZTE Nubia Z5S mini NX405H,2014.0,76337.212,117.9,4.7,921600.0,2.0,4.0,1.2,2.0,13.0,2000.0,
ZTE Nubia Z7 Max,2014.0,100965.23999999998,160.0,5.5,2073600.0,2.0,4.0,2.5,2.0,13.0,3100.0,
ZTE Blade L2,2014.0,92596.5,166.0,5.0,409920.0,2.0,4.0,1.3,1.0,8.0,2000.0,
ZTE Blade G2,2013.0,86902.2,145.0,4.5,409920.0,2.0,4.0,1.2,0.512,5.0,2000.0,
ZTE Star 1,2014.0,63300.6,130.0,5.0,2073600.0,2.0,4.0,1.6,2.0,8.0,2300.0,
ZTE Redbull V5 V9180,2014.0,87834.1,165.0,5.0,921600.0,2.0,4.0,1.2,1.0,13.0,2400.0,
ZTE Nubia X6,2014.0,126206.45000000001,215.0,6.44,2073600.0,2.0,4.0,2.3,2.0,13.0,4250.0,
ZTE Grand S II S291,2014.0,110009.9,150.0,5.5,2073600.0,2.0,4.0,2.3,2.0,13.0,3100.0,
ZTE Nubia Z5S,2013.0,72000.57599999999,126.0,5.0,2073600.0,2.0,4.0,2.3,2.0,13.0,2300.0,
ZTE Nubia Z5S mini NX403A,2013.0,67410.784,120.0,4.7,921600.0,2.0,4.0,1.7,2.0,13.0,2000.0,
ZTE Grand S Flex,2013.0,89089.0,130.0,5.0,921600.0,2.0,2.0,1.2,1.0,8.0,2300.0,
ZTE Blade Q Maxi,2013.0,93693.59999999999,130.0,5.0,409920.0,2.0,2.0,1.3,1.0,5.0,2000.0,
ZTE Warp 4G,2013.0,90673.44,127.6,4.5,921600.0,2.0,2.0,1.2,1.0,8.0,2070.0,
ZTE Blade G V880G,2013.0,81981.2,140.0,4.5,409920.0,2.0,2.0,1.2,0.512,5.0,2000.0,
ZTE Reef,2013.0,92171.52,127.6,4.0,384000.0,2.0,1.0,1.0,1.0,5.0,1650.0,
ZTE Vital N9810,2013.0,101388.00000000001,154.0,5.0,921600.0,2.0,2.0,1.5,1.0,13.0,2500.0,
ZTE Grand X Pro,2013.0,80270.736,146.0,4.5,921600.0,2.0,2.0,1.2,1.0,8.0,2000.0,
ZTE Grand X Quad V987,2013.0,87843.0,163.0,5.0,921600.0,2.0,4.0,1.2,1.0,8.0,2500.0,
ZTE Geek V975,2013.0,96425.0,148.0,5.0,921600.0,2.0,2.0,2.0,2.0,8.0,2300.0,
ZTE Grand Memo V9815,2013.0,112265.79,189.0,5.7,921600.0,2.0,4.0,1.7,2.0,13.0,3200.0,
ZTE Director,2013.0,90051.25,140.0,3.5,153600.0,2.0,1.0,1.0,0.512,3.0,1500.0,
ZTE Grand S,2013.0,68586.0,110.0,5.0,2073600.0,2.0,4.0,1.7,2.0,13.0,1780.0,
ZTE Avid 4G,2012.0,96651.8,148.8,4.0,384000.0,2.0,2.0,1.2,0.512,5.0,1730.0,
ZTE V887,2012.0,118903.20000000001,140.0,5.0,384000.0,2.0,2.0,1.0,0.512,5.0,2000.0,
ZTE Nubia Z5,2012.0,72419.564,126.0,5.0,2073600.0,2.0,4.0,1.5,2.0,13.0,2300.0,
ZTE Flash,2012.0,85333.13100000001,142.0,4.5,921600.0,2.0,2.0,1.5,1.0,12.0,1780.0,
ZTE Anthem 4G,2012.0,121379.39699999998,189.9,4.3,384000.0,2.0,2.0,1.2,0.512,5.0,1780.0,
ZTE Warp Sequent,2012.0,81473.04000000001,129.8,4.3,518400.0,2.0,1.0,1.4,0.768,5.0,1650.0,
ZTE Grand Era U895,2012.0,75490.8,110.0,4.5,921600.0,2.0,4.0,1.5,1.0,8.0,1800.0,
ZTE Blade III,2012.0,78105.0,130.0,4.0,384000.0,2.0,1.0,1.0,0.512,5.0,1600.0,
ZTE Grand X IN,2012.0,81724.5,140.8,4.3,518400.0,2.0,1.0,1.6,1.0,8.0,1650.0,
ZTE N880E,2012.0,75493.6,130.0,4.0,384000.0,2.0,1.0,1.0,0.512,3.0,1650.0,
ZTE Grand X LTE T82,2012.0,95295.2,151.0,4.3,518400.0,2.0,2.0,1.5,1.0,8.0,1900.0,
ZTE Grand X V970,2012.0,81981.90000000001,110.0,4.3,518400.0,2.0,1.0,1.0,1.0,5.0,1600.0,
ZTE Light Tab 3 V9S,2012.0,279360.0,400.0,7.0,1024000.0,2.0,2.0,1.2,1.0,5.0,4000.0,
ZTE Kis V788,2012.0,80970.12,120.0,3.5,153600.0,2.0,1.0,0.8,0.512,3.0,1400.0,
ZTE V880E,2012.0,94961.99999999999,130.0,4.0,384000.0,2.0,1.0,1.0,0.512,5.0,1650.0,
ZTE Blade II V880+,2012.0,72640.761,117.4,3.5,384000.0,2.0,1.0,1.0,0.512,5.0,1200.0,
ZTE Optik,2012.0,304183.44,400.0,7.0,1024000.0,2.0,2.0,1.2,1.0,5.0,4000.0,
ZTE Light Tab 2 V9A,2011.0,310514.39999999997,389.0,7.0,614400.0,2.0,1.0,1.4,0.512,3.0,3400.0,
ZTE Light Tab V9C,2011.0,310514.39999999997,389.0,7.0,384000.0,2.0,1.0,0.8,0.512,2.0,3400.0,
ZTE FTV Phone,2011.0,77337.20000000001,110.0,3.5,384000.0,2.0,1.0,0.6,0.512,3.0,1250.0,
ZTE Racer II,2011.0,77781.59999999999,100.0,2.8,76800.0,2.0,1.0,0.5,0.512,3.0,1100.0,
ZTE Blade,2010.0,77337.20000000001,110.0,3.5,384000.0,2.0,1.0,0.6,0.512,3.0,1250.0,
ZTE Racer,2010.0,81345.0,100.0,2.8,76800.0,2.0,1.0,0.6,0.256,3.0,1100.0,
